ID,Name,Class,Eliminations,Deposits,WartDistance,Score,WinRate,Strength,Speed,Defense,Dexterity,Fortitude,Total,ImageURL,Stars,Fur,Traits,Link
2,Two,Defender,1.08,0.92,125.66,317.89,50.00,250.75,320.00,556.46,12.00,27.00,"1,166.21",https://5rH8sf3XHWbNEbyj.public.blob.vercel-storage.com/profile/moki_8cd5e73bcd162502f607de85271aa994c94c8f4493ae141305bd394acef671f8_300x300.png,4,Common,,https://marketplace.roninchain.com/collections/0x9e8ed4ff354bd11602255b3d8e1ed13a1bb26b4b?Champion%20Token%20ID_max=2&Champion%20Token%20ID_min=2
73,Trippy,Striker,0.01,5.14,0.50,319.41,49.32,46.00,319.67,50.00,502.99,267.00,"1,185.66",https://5rH8sf3XHWbNEbyj.public.blob.vercel-storage.com/profile/moki_99b45c6a6ce5734f1afe0c0c0ac6eed00b346267bf54c183147c251482b61327_300x300.png,4,Shadow,,https://marketplace.roninchain.com/collections/0x9e8ed4ff354bd11602255b3d8e1ed13a1bb26b4b?Champion%20Token%20ID_max=73&Champion%20Token%20ID_min=73
227,The Golden Boy,Sprinter,0.13,4.57,22.80,322.19,50.11,45.55,529.57,300.08,251.00,28.13,"1,154.34",https://5rH8sf3XHWbNEbyj.public.blob.vercel-storage.com/profile/moki_23a46c4dd53bbc18ef0beeefeb80fcf5ae59688336b8c69db2e4c8552521a535_300x300.png,6,Gold,Tongue Out,https://marketplace.roninchain.com/collections/0x9e8ed4ff354bd11602255b3d8e1ed13a1bb26b4b?Champion%20Token%20ID_max=227&Champion%20Token%20ID_min=227
235,SuperMagus,Defender,1.06,0.05,224.32,330.73,49.43,272.34,301.02,531.22,69.93,80.00,"1,254.51",https://5rH8sf3XHWbNEbyj.public.blob.vercel-storage.com/profile/moki_bc9f5d635d63accf8397e9cb8084618e1bfe394eae181cfe518b636b555c7ce6_300x300.png,8,Shadow,Tongue Out,https://marketplace.roninchain.com/collections/0x9e8ed4ff354bd11602255b3d8e1ed13a1bb26b4b?Champion%20Token%20ID_max=235&Champion%20Token%20ID_min=235
298,Defrankong,Bruiser,2.00,0.17,12.31,294.89,56.74,514.54,21.50,243.18,29.33,248.51,"1,057.06",https://5rH8sf3XHWbNEbyj.public.blob.vercel-storage.com/profile/moki_23f59d9e8a8b7819e7876e27233a8d8d79a31e69a5c29ad77201465e2b18cf68_300x300.png,1,Common,Onesie,https://marketplace.roninchain.com/collections/0x9e8ed4ff354bd11602255b3d8e1ed13a1bb26b4b?Champion%20Token%20ID_max=298&Champion%20Token%20ID_min=298
316,Maid of Coins,Center,1.55,0.38,75.41,296.12,52.51,308.08,224.00,208.00,31.00,228.00,999.08,https://5rH8sf3XHWbNEbyj.public.blob.vercel-storage.com/profile/moki_9b3ba6d0e8c4a1ecc80bb94327006791a567bea28b5c55194ea8c2e8b13cfbf7_300x300.png,1,Common,Apron,https://marketplace.roninchain.com/collections/0x9e8ed4ff354bd11602255b3d8e1ed13a1bb26b4b?Champion%20Token%20ID_max=316&Champion%20Token%20ID_min=316
368,DUNG SHOGUN,Defender,0.38,3.23,77.92,320.49,50.91,318.88,340.90,519.96,45.00,36.96,"1,261.70",https://5rH8sf3XHWbNEbyj.public.blob.vercel-storage.com/profile/moki_0556cf47cb22844c987e7d6be4c841d1e5bc873fc464859e87dda551e7988257_300x300.png,5,Shadow,Ronin,https://marketplace.roninchain.com/collections/0x9e8ed4ff354bd11602255b3d8e1ed13a1bb26b4b?Champion%20Token%20ID_max=368&Champion%20Token%20ID_min=368
392,Teardrop,Striker,0.01,5.03,0.30,311.35,48.17,54.00,336.39,61.00,497.65,271.35,"1,220.38",https://5rH8sf3XHWbNEbyj.public.blob.vercel-storage.com/profile/moki_Teardrop_300x300.png,3,1 of 1,,https://marketplace.roninchain.com/collections/0x9e8ed4ff354bd11602255b3d8e1ed13a1bb26b4b?Champion%20Token%20ID_max=392&Champion%20Token%20ID_min=392
446,Sir Brew,Bruiser,2.20,0.11,14.09,322.30,61.64,516.84,17.00,250.00,24.00,227.00,"1,034.84",https://5rH8sf3XHWbNEbyj.public.blob.vercel-storage.com/profile/moki_20bf31817f33165e2c488598f28e0b8b8fabb08da2b0c9cc8b9f237f6bddb2ae_300x300.png,6,Common,,https://marketplace.roninchain.com/collections/0x9e8ed4ff354bd11602255b3d8e1ed13a1bb26b4b?Champion%20Token%20ID_max=446&Champion%20Token%20ID_min=446
467,Salvador Dali,Sprinter,0.59,2.75,72.63,319.99,51.14,23.05,485.17,278.33,225.00,41.34,"1,052.88",https://5rH8sf3XHWbNEbyj.public.blob.vercel-storage.com/profile/moki_c2f1e10d2d7de5059f8739e1bf27a02fcb86768bfceec05a7d423234272743a8_300x300.png,4,Common,Apron,https://marketplace.roninchain.com/collections/0x9e8ed4ff354bd11602255b3d8e1ed13a1bb26b4b?Champion%20Token%20ID_max=467&Champion%20Token%20ID_min=467
523,Goldilocks,Defender,1.10,0.06,203.45,323.60,50.80,239.00,278.86,558.52,44.00,50.00,"1,170.38",https://5rH8sf3XHWbNEbyj.public.blob.vercel-storage.com/profile/moki_37ed6cf852a79b9de2450085015da8bcdac73bc287753effbd959261f1462ef9_300x300.png,7,Gold,,https://marketplace.roninchain.com/collections/0x9e8ed4ff354bd11602255b3d8e1ed13a1bb26b4b?Champion%20Token%20ID_max=523&Champion%20Token%20ID_min=523
539,Bloodmoon,Sprinter,0.93,0.66,179.93,322.31,48.17,131.55,457.29,254.08,221.00,17.00,"1,080.93",https://5rH8sf3XHWbNEbyj.public.blob.vercel-storage.com/profile/moki_bbf5912ceb529d74ad5297fd8eeff2fdf02940e5cb8083de0b10f1aacf5ac408_300x300.png,6,Common,Onesie,https://marketplace.roninchain.com/collections/0x9e8ed4ff354bd11602255b3d8e1ed13a1bb26b4b?Champion%20Token%20ID_max=539&Champion%20Token%20ID_min=539
561,Eggsy,Bruiser,1.13,2.30,7.01,326.86,60.16,492.35,48.49,285.22,7.00,241.63,"1,074.68",https://5rH8sf3XHWbNEbyj.public.blob.vercel-storage.com/profile/moki_0f5f59ae52efcc5198dd40cdad3eeb7843dc6194d47e2d12b323d243db243573_300x300.png,8,Common,Tongue Out,https://marketplace.roninchain.com/collections/0x9e8ed4ff354bd11602255b3d8e1ed13a1bb26b4b?Champion%20Token%20ID_max=561&Champion%20Token%20ID_min=561
670,Tea Bone,Defender,0.64,2.13,123.10,328.94,50.00,219.00,282.58,544.16,25.00,21.00,"1,091.74",https://5rH8sf3XHWbNEbyj.public.blob.vercel-storage.com/profile/moki_c598115170e62e11ca5b52d9f732a2ec1769e558d78488512f821a8e398307dc_300x300.png,8,Common,,https://marketplace.roninchain.com/collections/0x9e8ed4ff354bd11602255b3d8e1ed13a1bb26b4b?Champion%20Token%20ID_max=670&Champion%20Token%20ID_min=670
807,Banana Mogger,Bruiser,2.01,0.17,15.54,294.98,55.02,555.98,21.00,235.50,10.00,216.00,"1,038.48",https://5rH8sf3XHWbNEbyj.public.blob.vercel-storage.com/profile/moki_921564b2ac23d177f500c7f55fc2c4fcead0a7d36cb2167bb73b96e169ea8f82_300x300.png,1,Common,Onesie,https://marketplace.roninchain.com/collections/0x9e8ed4ff354bd11602255b3d8e1ed13a1bb26b4b?Champion%20Token%20ID_max=807&Champion%20Token%20ID_min=807
818,POOtaTurd,Bruiser,1.35,1.10,83.37,326.19,52.05,586.78,49.00,350.72,50.00,270.86,"1,307.36",https://5rH8sf3XHWbNEbyj.public.blob.vercel-storage.com/profile/moki_b3501f0b213ca439a1ffa1ecf0b4d7934501f502efdf2062a027fb9a750c564c_300x300.png,7,Spirit,Tongue Out,https://marketplace.roninchain.com/collections/0x9e8ed4ff354bd11602255b3d8e1ed13a1bb26b4b?Champion%20Token%20ID_max=818&Champion%20Token%20ID_min=818
857,Shine,Sprinter,0.66,1.96,118.47,318.78,49.66,5.00,468.86,305.37,232.00,22.00,"1,033.24",https://5rH8sf3XHWbNEbyj.public.blob.vercel-storage.com/profile/moki_ccc6992a86fcf6cd3ece8bcf400bd50694f66125ba3655512ed5780bf11bd560_300x300.png,4,Common,Kimono | Crying Eye,https://marketplace.roninchain.com/collections/0x9e8ed4ff354bd11602255b3d8e1ed13a1bb26b4b?Champion%20Token%20ID_max=857&Champion%20Token%20ID_min=857
939,Pengu,Striker,0.01,5.11,0.50,320.72,50.80,17.00,255.94,18.00,520.38,207.00,"1,018.32",https://5rH8sf3XHWbNEbyj.public.blob.vercel-storage.com/profile/moki_ef613b726aa09ac4b0d76819cf66109ee0649b5bbe18c320b418eb6859dc3029_300x300.png,5,Common,Onesie,https://marketplace.roninchain.com/collections/0x9e8ed4ff354bd11602255b3d8e1ed13a1bb26b4b?Champion%20Token%20ID_max=939&Champion%20Token%20ID_min=939
962,Mokiwitch,Bruiser,1.03,2.43,22.73,310.94,54.22,593.53,88.62,298.29,60.82,284.82,"1,326.08",https://5rH8sf3XHWbNEbyj.public.blob.vercel-storage.com/profile/moki_Mokiwitch_300x300.png,3,1 of 1,,https://marketplace.roninchain.com/collections/0x9e8ed4ff354bd11602255b3d8e1ed13a1bb26b4b?Champion%20Token%20ID_max=962&Champion%20Token%20ID_min=962
964,Shady,Defender,0.34,3.59,57.73,319.91,48.74,219.00,260.51,521.60,26.00,18.00,"1,045.12",https://5rH8sf3XHWbNEbyj.public.blob.vercel-storage.com/profile/moki_f861748ab2bc1b3348708790641d10b00f0d8cc13f4179483f18757f8e5375ba_300x300.png,4,Common,Kimono,https://marketplace.roninchain.com/collections/0x9e8ed4ff354bd11602255b3d8e1ed13a1bb26b4b?Champion%20Token%20ID_max=964&Champion%20Token%20ID_min=964
984,Mr Carrot,Defender,1.26,1.92,22.06,318.90,54.00,216.00,323.34,457.69,20.00,23.33,"1,040.36",https://5rH8sf3XHWbNEbyj.public.blob.vercel-storage.com/profile/moki_59c1f6bb6507b6fb3663db8d9ee2fe16392e61e884be0fce88a0d8c10bf30ca9_300x300.png,4,Common,,https://marketplace.roninchain.com/collections/0x9e8ed4ff354bd11602255b3d8e1ed13a1bb26b4b?Champion%20Token%20ID_max=984&Champion%20Token%20ID_min=984
987,sweet90s,Bruiser,1.82,0.26,47.20,304.15,55.14,600.04,106.07,302.71,55.00,265.18,"1,329.00",https://5rH8sf3XHWbNEbyj.public.blob.vercel-storage.com/profile/moki_sweet90s_300x300.png,2,1 of 1,,https://marketplace.roninchain.com/collections/0x9e8ed4ff354bd11602255b3d8e1ed13a1bb26b4b?Champion%20Token%20ID_max=987&Champion%20Token%20ID_min=987
1001,Burns Wenipee,Defender,1.05,0.29,148.19,281.54,43.84,241.46,241.72,445.00,38.02,32.00,998.19,https://5rH8sf3XHWbNEbyj.public.blob.vercel-storage.com/profile/moki_f0a4e96834ec84aaaf07ea15992ccbf4f6667c228e60a7b003a6ad09de000858_300x300.png,1,Rainbow,Blue Overalls,https://marketplace.roninchain.com/collections/0x9e8ed4ff354bd11602255b3d8e1ed13a1bb26b4b?Champion%20Token%20ID_max=1001&Champion%20Token%20ID_min=1001
1029,Midnight,Defender,1.15,0.05,205.88,324.54,48.63,225.00,307.56,417.33,21.00,16.62,987.51,https://5rH8sf3XHWbNEbyj.public.blob.vercel-storage.com/profile/moki_de6952f75957cd252af280981b605681b3aa3b63365235331a0ef4b8b0d137ed_300x300.png,7,Common,Tengu,https://marketplace.roninchain.com/collections/0x9e8ed4ff354bd11602255b3d8e1ed13a1bb26b4b?Champion%20Token%20ID_max=1029&Champion%20Token%20ID_min=1029
1055,THANK U 4 PLAYIN,Sprinter,0.80,1.59,147.42,328.46,47.37,73.51,587.44,324.63,262.00,41.00,"1,288.58",https://5rH8sf3XHWbNEbyj.public.blob.vercel-storage.com/profile/moki_2eb550b90059e71cbe70974992dcf01007d8e3f687f64276a6d1d46c74ca3e8e_300x300.png,8,Shadow,Tongue Out,https://marketplace.roninchain.com/collections/0x9e8ed4ff354bd11602255b3d8e1ed13a1bb26b4b?Champion%20Token%20ID_max=1055&Champion%20Token%20ID_min=1055
1071,Lil Tomato,Sprinter,0.26,3.93,50.61,324.65,49.66,18.00,447.71,266.39,264.25,116.00,"1,112.35",https://5rH8sf3XHWbNEbyj.public.blob.vercel-storage.com/profile/moki_877dd4b238d6376f3f62f69eca0770a7cb6d9305e2a152f152a9520a6942357c_300x300.png,7,Common,,https://marketplace.roninchain.com/collections/0x9e8ed4ff354bd11602255b3d8e1ed13a1bb26b4b?Champion%20Token%20ID_max=1071&Champion%20Token%20ID_min=1071
1095,Nakimushi,Defender,1.11,1.81,22.05,281.14,49.89,232.00,263.00,479.42,20.00,33.15,"1,027.57",https://5rH8sf3XHWbNEbyj.public.blob.vercel-storage.com/profile/moki_6d1b88463312f725a171b45d7e79e6a661271c27cb7c1123a82aca842d0edd76_300x300.png,1,Common,,https://marketplace.roninchain.com/collections/0x9e8ed4ff354bd11602255b3d8e1ed13a1bb26b4b?Champion%20Token%20ID_max=1095&Champion%20Token%20ID_min=1095
1105,Golden Purps,Defender,1.42,0.85,78.26,323.48,55.02,254.64,297.00,470.08,50.00,54.62,"1,126.33",https://5rH8sf3XHWbNEbyj.public.blob.vercel-storage.com/profile/moki_a749c2848939962fbbe248d86b6802886869b061db8b7bd1f6a9a4ad27b2e87a_300x300.png,7,Gold,,https://marketplace.roninchain.com/collections/0x9e8ed4ff354bd11602255b3d8e1ed13a1bb26b4b?Champion%20Token%20ID_max=1105&Champion%20Token%20ID_min=1105
1133,Bearish,Striker,0.01,4.98,0.50,309.84,48.40,23.00,225.00,12.00,452.44,305.01,"1,017.45",https://5rH8sf3XHWbNEbyj.public.blob.vercel-storage.com/profile/moki_91c30e974bfa8c573c380c10174ae2f92804fdfcfbc67c9c23d4a53fc8fa7af1_300x300.png,2,Common,Bear,https://marketplace.roninchain.com/collections/0x9e8ed4ff354bd11602255b3d8e1ed13a1bb26b4b?Champion%20Token%20ID_max=1133&Champion%20Token%20ID_min=1133
1173,BadAss,Defender,0.87,1.17,155.33,327.84,48.06,265.00,323.75,553.19,46.00,77.00,"1,264.94",https://5rH8sf3XHWbNEbyj.public.blob.vercel-storage.com/profile/moki_c48761e38cad3ae82571c885cb4fd4b9c8376e61dcd67b6cc21686cbefa9363f_300x300.png,8,Shadow,,https://marketplace.roninchain.com/collections/0x9e8ed4ff354bd11602255b3d8e1ed13a1bb26b4b?Champion%20Token%20ID_max=1173&Champion%20Token%20ID_min=1173
1176,Fortune Gobbler,Striker,0.01,5.02,0.94,311.47,47.83,42.00,294.34,47.00,497.03,346.12,"1,226.49",https://5rH8sf3XHWbNEbyj.public.blob.vercel-storage.com/profile/moki_e8e80db5e14e478dd49e1fae3ed5a3c1647a2351cf00ad56efb93440eecbf95d_300x300.png,3,Shadow,Crying Eye,https://marketplace.roninchain.com/collections/0x9e8ed4ff354bd11602255b3d8e1ed13a1bb26b4b?Champion%20Token%20ID_max=1176&Champion%20Token%20ID_min=1176
1235,Bio Phantom,Defender,1.06,0.04,223.10,333.00,51.26,242.00,298.71,550.76,73.00,89.76,"1,254.23",https://5rH8sf3XHWbNEbyj.public.blob.vercel-storage.com/profile/moki_5ccd239c22d168a74efc7a770815ccd121a18db3193c7c3280e02ed3dca18b86_300x300.png,8,Spirit,Tongue Out,https://marketplace.roninchain.com/collections/0x9e8ed4ff354bd11602255b3d8e1ed13a1bb26b4b?Champion%20Token%20ID_max=1235&Champion%20Token%20ID_min=1235
1270,Low Tier Phenom,Bruiser,1.20,2.19,6.95,321.63,57.53,506.47,21.00,250.61,22.00,210.00,"1,010.08",https://5rH8sf3XHWbNEbyj.public.blob.vercel-storage.com/profile/moki_ff56b48d598944cae793b4dd81932e39a45237133dcfbed9b4cdebc7effb9c97_300x300.png,6,Common,,https://marketplace.roninchain.com/collections/0x9e8ed4ff354bd11602255b3d8e1ed13a1bb26b4b?Champion%20Token%20ID_max=1270&Champion%20Token%20ID_min=1270
1418,PNLS,Defender,1.06,0.05,211.36,319.18,49.32,296.04,301.09,468.51,45.00,42.00,"1,152.64",https://5rH8sf3XHWbNEbyj.public.blob.vercel-storage.com/profile/moki_8f1c9f71d6143ee1580973f7d77abb3b0f657b3c9cb5d75fa24854b8d03a820e_300x300.png,4,Gold,Tongue Out,https://marketplace.roninchain.com/collections/0x9e8ed4ff354bd11602255b3d8e1ed13a1bb26b4b?Champion%20Token%20ID_max=1418&Champion%20Token%20ID_min=1418
1444,Zombina,Bruiser,1.90,0.20,29.53,299.68,56.96,499.44,25.00,236.00,15.00,214.00,989.44,https://5rH8sf3XHWbNEbyj.public.blob.vercel-storage.com/profile/moki_4f6027d6e3d117f5637b77d9b3d8ede8a12f7d6e9024110234de7526f872a501_300x300.png,2,Common,Pink Overalls,https://marketplace.roninchain.com/collections/0x9e8ed4ff354bd11602255b3d8e1ed13a1bb26b4b?Champion%20Token%20ID_max=1444&Champion%20Token%20ID_min=1444
1454,Peelbert Grumps,Striker,0.01,4.98,0.60,320.06,52.97,15.00,236.49,32.00,508.50,222.00,"1,013.99",https://5rH8sf3XHWbNEbyj.public.blob.vercel-storage.com/profile/moki_eb9d2573fac33b8b466c895484b2248f3104945c3606ecad51e3a524b08d8a24_300x300.png,4,Common,Onesie,https://marketplace.roninchain.com/collections/0x9e8ed4ff354bd11602255b3d8e1ed13a1bb26b4b?Champion%20Token%20ID_max=1454&Champion%20Token%20ID_min=1454
1494,Spartacus,Sprinter,0.61,2.25,112.33,321.00,48.52,65.17,519.76,307.68,234.00,38.00,"1,164.61",https://5rH8sf3XHWbNEbyj.public.blob.vercel-storage.com/profile/moki_5907fb9ffed8d4bb343f1b66bdef86c339149c551c45917b44d206891b634021_300x300.png,5,Rainbow,Devious Mouth,https://marketplace.roninchain.com/collections/0x9e8ed4ff354bd11602255b3d8e1ed13a1bb26b4b?Champion%20Token%20ID_max=1494&Champion%20Token%20ID_min=1494
1521,UlquiorrA,Defender,1.54,0.92,56.87,325.01,55.59,280.40,312.41,561.17,53.00,49.00,"1,255.98",https://5rH8sf3XHWbNEbyj.public.blob.vercel-storage.com/profile/moki_89c9303e64213a57ef4ce58a62249a11228d79a70280857c7528bf3e7b17e309_300x300.png,7,Spirit,Tongue Out,https://marketplace.roninchain.com/collections/0x9e8ed4ff354bd11602255b3d8e1ed13a1bb26b4b?Champion%20Token%20ID_max=1521&Champion%20Token%20ID_min=1521
1569,Sir Carrotstein,Defender,1.10,0.05,208.35,322.56,49.20,226.00,315.49,503.00,33.32,35.00,"1,112.80",https://5rH8sf3XHWbNEbyj.public.blob.vercel-storage.com/profile/moki_79c8c3135de5acd17fde932a5ce75bfdbef5e87acd244935069b199ca964d51a_300x300.png,6,Rainbow,Blue Overalls,https://marketplace.roninchain.com/collections/0x9e8ed4ff354bd11602255b3d8e1ed13a1bb26b4b?Champion%20Token%20ID_max=1569&Champion%20Token%20ID_min=1569
1600,Not Nisheep,Forward,1.12,1.96,22.13,294.60,52.63,326.77,220.00,27.00,205.00,223.00,"1,001.77",https://5rH8sf3XHWbNEbyj.public.blob.vercel-storage.com/profile/moki_a1b2ae93f8c8f10fe27285df77427399306a5d1b78522cc111664b160fc69a40_300x300.png,1,Common,Onesie | Crying Eye,https://marketplace.roninchain.com/collections/0x9e8ed4ff354bd11602255b3d8e1ed13a1bb26b4b?Champion%20Token%20ID_max=1600&Champion%20Token%20ID_min=1600
1749,Stone of David,Striker,0.01,5.16,0.57,322.12,50.80,16.00,344.68,17.00,426.34,229.09,"1,033.10",https://5rH8sf3XHWbNEbyj.public.blob.vercel-storage.com/profile/moki_96f82d51af19b26c9b29ef07f4a8c1ef632a29dbc5f1094942f1d4d0192c373e_300x300.png,6,Common,,https://marketplace.roninchain.com/collections/0x9e8ed4ff354bd11602255b3d8e1ed13a1bb26b4b?Champion%20Token%20ID_max=1749&Champion%20Token%20ID_min=1749
1787,KOHI,Defender,1.10,0.04,207.63,322.98,49.89,230.99,323.54,500.02,25.00,28.58,"1,108.13",https://5rH8sf3XHWbNEbyj.public.blob.vercel-storage.com/profile/moki_a53de0a9e30d3525c45347e99dd63f665b6b4b9e56d6e8105f8b844c540eeb44_300x300.png,7,Rainbow,,https://marketplace.roninchain.com/collections/0x9e8ed4ff354bd11602255b3d8e1ed13a1bb26b4b?Champion%20Token%20ID_max=1787&Champion%20Token%20ID_min=1787
1826,Mokington,Bruiser,1.13,2.34,7.47,319.73,55.94,601.01,73.98,249.00,80.00,255.00,"1,258.99",https://5rH8sf3XHWbNEbyj.public.blob.vercel-storage.com/profile/moki_Mokington_300x300.png,4,1 of 1,,https://marketplace.roninchain.com/collections/0x9e8ed4ff354bd11602255b3d8e1ed13a1bb26b4b?Champion%20Token%20ID_max=1826&Champion%20Token%20ID_min=1826
1863,Mr Teabag,Bruiser,0.85,0.88,172.43,319.90,46.46,524.93,51.04,216.00,67.66,217.00,"1,076.63",https://5rH8sf3XHWbNEbyj.public.blob.vercel-storage.com/profile/moki_47add106ee19c3beedd1d76ca8723a983397e8bb3d3d458cd9a06c3462e70b25_300x300.png,4,Common,Samurai,https://marketplace.roninchain.com/collections/0x9e8ed4ff354bd11602255b3d8e1ed13a1bb26b4b?Champion%20Token%20ID_max=1863&Champion%20Token%20ID_min=1863
1868,Angrybread,Defender,1.12,0.06,197.75,320.22,50.23,218.98,300.46,475.34,21.33,20.00,"1,036.11",https://5rH8sf3XHWbNEbyj.public.blob.vercel-storage.com/profile/moki_3b187e98a9988c0deb72422a03418bfbeaec720b6ac7bd2cd7450655d71d3ae8_300x300.png,5,Common,,https://marketplace.roninchain.com/collections/0x9e8ed4ff354bd11602255b3d8e1ed13a1bb26b4b?Champion%20Token%20ID_max=1868&Champion%20Token%20ID_min=1868
2188,MOSE,Defender,0.25,3.93,39.93,319.49,51.37,225.00,277.00,502.36,9.00,41.17,"1,054.53",https://5rH8sf3XHWbNEbyj.public.blob.vercel-storage.com/profile/moki_db46f970d2273efccb0f4a6ffc3e7525992d3c68994b147e5f6b66e2374d134a_300x300.png,4,Common,Kimono,https://marketplace.roninchain.com/collections/0x9e8ed4ff354bd11602255b3d8e1ed13a1bb26b4b?Champion%20Token%20ID_max=2188&Champion%20Token%20ID_min=2188
2284,67,Sprinter,0.70,1.59,160.85,331.47,48.29,69.67,556.72,310.50,256.84,36.00,"1,229.73",https://5rH8sf3XHWbNEbyj.public.blob.vercel-storage.com/profile/moki_20ad4ad20b0a3cc521373cc4501f2fc07609f459e25308aaf9983759ed086dc4_300x300.png,8,Gold,Onesie | Crying Eye,https://marketplace.roninchain.com/collections/0x9e8ed4ff354bd11602255b3d8e1ed13a1bb26b4b?Champion%20Token%20ID_max=2284&Champion%20Token%20ID_min=2284
2288,MOKIPACK,Striker,0.03,5.08,0.48,316.59,48.52,59.00,305.11,66.00,500.14,376.17,"1,306.42",https://5rH8sf3XHWbNEbyj.public.blob.vercel-storage.com/profile/moki_MOKIPACK_300x300.png,3,1 of 1,,https://marketplace.roninchain.com/collections/0x9e8ed4ff354bd11602255b3d8e1ed13a1bb26b4b?Champion%20Token%20ID_max=2288&Champion%20Token%20ID_min=2288
2485,SinTank,Defender,0.79,1.35,149.52,324.26,49.09,225.70,285.81,479.16,23.00,52.79,"1,066.46",https://5rH8sf3XHWbNEbyj.public.blob.vercel-storage.com/profile/moki_d8cb0a32e41ce68f8e6fbccb7ddf32e8732f6a70f9ae35a755b662d39cfcb2cc_300x300.png,7,Common,Garbage Can,https://marketplace.roninchain.com/collections/0x9e8ed4ff354bd11602255b3d8e1ed13a1bb26b4b?Champion%20Token%20ID_max=2485&Champion%20Token%20ID_min=2485
2575,Peeltergeist,Defender,1.09,0.05,223.76,332.87,49.89,257.91,313.31,544.13,67.56,68.00,"1,250.91",https://5rH8sf3XHWbNEbyj.public.blob.vercel-storage.com/profile/moki_89771dd451935c5da0fb885f8599567399d21c574b908c16fdc57e2111fc3670_300x300.png,8,Spirit,Tongue Out,https://marketplace.roninchain.com/collections/0x9e8ed4ff354bd11602255b3d8e1ed13a1bb26b4b?Champion%20Token%20ID_max=2575&Champion%20Token%20ID_min=2575
2660,Samurai Boi,Striker,0.01,4.93,0.39,304.02,46.12,34.00,253.87,23.00,497.86,217.32,"1,026.04",https://5rH8sf3XHWbNEbyj.public.blob.vercel-storage.com/profile/moki_400ed368893cda4578fa034e62c1671ccd92167697bc273894940ed4ed73e9af_300x300.png,2,Common,Kimono,https://marketplace.roninchain.com/collections/0x9e8ed4ff354bd11602255b3d8e1ed13a1bb26b4b?Champion%20Token%20ID_max=2660&Champion%20Token%20ID_min=2660
2661,Mokuhadely,Striker,0.01,5.00,0.39,307.41,46.80,60.00,291.94,83.00,550.96,301.36,"1,287.26",https://5rH8sf3XHWbNEbyj.public.blob.vercel-storage.com/profile/moki_Mokuhadely_300x300.png,2,1 of 1,,https://marketplace.roninchain.com/collections/0x9e8ed4ff354bd11602255b3d8e1ed13a1bb26b4b?Champion%20Token%20ID_max=2661&Champion%20Token%20ID_min=2661
2730,Valkyrie,Striker,0.03,5.05,1.05,320.67,51.71,49.00,359.18,59.00,494.12,339.60,"1,300.90",https://5rH8sf3XHWbNEbyj.public.blob.vercel-storage.com/profile/moki_155687a723c11968a227e0956ccdaa123d4ab999c7d211efb2a037f77b2ebcf6_300x300.png,5,Spirit,,https://marketplace.roninchain.com/collections/0x9e8ed4ff354bd11602255b3d8e1ed13a1bb26b4b?Champion%20Token%20ID_max=2730&Champion%20Token%20ID_min=2730
2755,Dracumoki,Bruiser,2.02,0.14,17.40,300.78,57.31,584.97,82.16,285.66,53.00,264.01,"1,269.81",https://5rH8sf3XHWbNEbyj.public.blob.vercel-storage.com/profile/moki_Dracumoki_300x300.png,2,1 of 1,,https://marketplace.roninchain.com/collections/0x9e8ed4ff354bd11602255b3d8e1ed13a1bb26b4b?Champion%20Token%20ID_max=2755&Champion%20Token%20ID_min=2755
2828,Joy Boy,Defender,1.08,0.05,211.07,320.19,48.17,325.72,319.74,438.00,23.00,19.00,"1,125.46",https://5rH8sf3XHWbNEbyj.public.blob.vercel-storage.com/profile/moki_9ed3c60bb35e2a3eeea1aee566a637c2a9ae4b86213b48bdeb7c074408d9f9e9_300x300.png,5,Rainbow,,https://marketplace.roninchain.com/collections/0x9e8ed4ff354bd11602255b3d8e1ed13a1bb26b4b?Champion%20Token%20ID_max=2828&Champion%20Token%20ID_min=2828
2906,soda,Striker,0.01,5.17,0.53,320.18,49.89,60.00,315.19,71.00,540.42,300.92,"1,287.53",https://5rH8sf3XHWbNEbyj.public.blob.vercel-storage.com/profile/moki_soda_300x300.png,5,1 of 1,,https://marketplace.roninchain.com/collections/0x9e8ed4ff354bd11602255b3d8e1ed13a1bb26b4b?Champion%20Token%20ID_max=2906&Champion%20Token%20ID_min=2906
3015,Gambit,Sprinter,0.40,3.23,71.99,319.39,49.20,93.52,449.01,264.09,224.00,15.00,"1,045.62",https://5rH8sf3XHWbNEbyj.public.blob.vercel-storage.com/profile/moki_e7c84f7f05adeef4e2869a6a41737adb620ec1c1467ea75edc98befe477f7057_300x300.png,4,Common,Onesie,https://marketplace.roninchain.com/collections/0x9e8ed4ff354bd11602255b3d8e1ed13a1bb26b4b?Champion%20Token%20ID_max=3015&Champion%20Token%20ID_min=3015
3080,Shadrel Kagekin,Defender,0.56,2.51,117.25,334.09,49.66,259.00,299.90,563.50,67.00,58.00,"1,247.40",https://5rH8sf3XHWbNEbyj.public.blob.vercel-storage.com/profile/moki_1f80961af9f6836130be42ede87d97ff0112f945402f30d6d89e40ffd9cf1fd3_300x300.png,8,Shadow,Tonge Out | Kimono,https://marketplace.roninchain.com/collections/0x9e8ed4ff354bd11602255b3d8e1ed13a1bb26b4b?Champion%20Token%20ID_max=3080&Champion%20Token%20ID_min=3080
3145,FizzyTwinTails,Bruiser,1.67,1.28,9.50,327.78,58.22,484.52,51.35,276.82,25.00,230.50,"1,068.19",https://5rH8sf3XHWbNEbyj.public.blob.vercel-storage.com/profile/moki_6468f01bc83e56cdfbb83fe9c0db677fc27d4247d66ba5177d510f3f420389cf_300x300.png,8,Common,Crying Eye,https://marketplace.roninchain.com/collections/0x9e8ed4ff354bd11602255b3d8e1ed13a1bb26b4b?Champion%20Token%20ID_max=3145&Champion%20Token%20ID_min=3145
3185,Lucid,Sprinter,0.68,1.95,134.75,327.54,48.29,30.00,505.59,294.55,235.00,30.00,"1,095.14",https://5rH8sf3XHWbNEbyj.public.blob.vercel-storage.com/profile/moki_985d7e7dfeb0003d5381ec9880d83b848a4f037dde9f7eef8c54922b35da2d59_300x300.png,8,Rainbow,,https://marketplace.roninchain.com/collections/0x9e8ed4ff354bd11602255b3d8e1ed13a1bb26b4b?Champion%20Token%20ID_max=3185&Champion%20Token%20ID_min=3185
3186,The Last Samurai,Striker,0.02,5.09,0.29,321.19,51.26,36.00,366.03,64.00,476.00,247.00,"1,189.03",https://5rH8sf3XHWbNEbyj.public.blob.vercel-storage.com/profile/moki_bd6446218817cd17333b71a96e52ce899c718bfc54e361e0c54dfc7a8ff31f32_300x300.png,5,Shadow,,https://marketplace.roninchain.com/collections/0x9e8ed4ff354bd11602255b3d8e1ed13a1bb26b4b?Champion%20Token%20ID_max=3186&Champion%20Token%20ID_min=3186
3246,Kroni,Forward,1.11,2.03,21.03,304.57,55.02,218.00,235.29,7.00,220.00,230.00,910.29,https://5rH8sf3XHWbNEbyj.public.blob.vercel-storage.com/profile/moki_cdd555ccac094f0c1b3d737dbaf711db2987ca18d5da7d339e9b108d467debe9_300x300.png,2,Common,,https://marketplace.roninchain.com/collections/0x9e8ed4ff354bd11602255b3d8e1ed13a1bb26b4b?Champion%20Token%20ID_max=3246&Champion%20Token%20ID_min=3246
3284,Cammyyy,Defender,0.68,2.01,129.41,330.17,51.14,249.00,316.49,542.91,53.00,59.00,"1,220.40",https://5rH8sf3XHWbNEbyj.public.blob.vercel-storage.com/profile/moki_235c9a314918a6603cf62512c232d2d8f0484ffc46b57b78f11a498afc51f3e5_300x300.png,8,Shadow,Tongue Out,https://marketplace.roninchain.com/collections/0x9e8ed4ff354bd11602255b3d8e1ed13a1bb26b4b?Champion%20Token%20ID_max=3284&Champion%20Token%20ID_min=3284
3320,Specter,Defender,0.34,3.51,68.37,322.86,48.74,280.72,327.21,493.89,73.00,68.00,"1,242.82",https://5rH8sf3XHWbNEbyj.public.blob.vercel-storage.com/profile/moki_eecb22c7011b3be47e97194374d14fa6dddbadc30b624e0caad1ff40f70cfc33_300x300.png,6,Spirit,Kimono,https://marketplace.roninchain.com/collections/0x9e8ed4ff354bd11602255b3d8e1ed13a1bb26b4b?Champion%20Token%20ID_max=3320&Champion%20Token%20ID_min=3320
3340,SweetPotato,Sprinter,0.94,0.85,172.34,324.96,47.83,20.00,475.82,337.72,230.00,45.00,"1,108.54",https://5rH8sf3XHWbNEbyj.public.blob.vercel-storage.com/profile/moki_b4da6a0137c43260393884abf82021f687423a1aacf639d772e9f038c6d7702c_300x300.png,7,Rainbow,Ronin | Tongue Out | Crying Eye,https://marketplace.roninchain.com/collections/0x9e8ed4ff354bd11602255b3d8e1ed13a1bb26b4b?Champion%20Token%20ID_max=3340&Champion%20Token%20ID_min=3340
3432,Long Dinger,Sprinter,0.27,3.84,51.85,320.50,49.09,26.00,521.28,293.51,227.00,4.67,"1,072.45",https://5rH8sf3XHWbNEbyj.public.blob.vercel-storage.com/profile/moki_8624efbb95ac650514e754d5a02c094fec8f6a7af0f562178b4c9cfa572cecea_300x300.png,5,Common,,https://marketplace.roninchain.com/collections/0x9e8ed4ff354bd11602255b3d8e1ed13a1bb26b4b?Champion%20Token%20ID_max=3432&Champion%20Token%20ID_min=3432
3527,69,Sprinter,0.87,0.94,183.98,333.09,48.40,73.54,588.15,325.99,258.60,42.00,"1,288.30",https://5rH8sf3XHWbNEbyj.public.blob.vercel-storage.com/profile/moki_305ff2894ee91b96482221a9e0f908cce7c0b4e8b568bf80add478aa3c4c3197_300x300.png,8,Spirit,,https://marketplace.roninchain.com/collections/0x9e8ed4ff354bd11602255b3d8e1ed13a1bb26b4b?Champion%20Token%20ID_max=3527&Champion%20Token%20ID_min=3527
3563,Cry Bunny,Defender,0.76,1.52,140.66,317.52,46.92,264.00,338.23,550.00,58.00,45.00,"1,255.23",https://5rH8sf3XHWbNEbyj.public.blob.vercel-storage.com/profile/moki_edc0fb0fad533c6a95fa84570ee20ac098e1f03ed1b0ea03af5ebe7ed49f332f_300x300.png,3,Spirit,Crying Eye,https://marketplace.roninchain.com/collections/0x9e8ed4ff354bd11602255b3d8e1ed13a1bb26b4b?Champion%20Token%20ID_max=3563&Champion%20Token%20ID_min=3563
3582,Mushi,Defender,0.14,4.41,29.30,322.00,50.80,225.00,283.82,488.62,26.00,46.00,"1,069.44",https://5rH8sf3XHWbNEbyj.public.blob.vercel-storage.com/profile/moki_232a49aafdcac73b680b66fd342556b3c9eff0ef8091d0b0c698dcb95dab12d7_300x300.png,6,Common,Devious Mouth,https://marketplace.roninchain.com/collections/0x9e8ed4ff354bd11602255b3d8e1ed13a1bb26b4b?Champion%20Token%20ID_max=3582&Champion%20Token%20ID_min=3582
3624,Animo,Defender,1.03,0.06,234.74,327.93,46.35,228.00,330.13,575.63,68.00,43.00,"1,244.76",https://5rH8sf3XHWbNEbyj.public.blob.vercel-storage.com/profile/moki_288ef5241f7530f414eee0bee28b180fe90210bb82715ad2e121b66d39cde20b_300x300.png,8,Shadow,Kimono,https://marketplace.roninchain.com/collections/0x9e8ed4ff354bd11602255b3d8e1ed13a1bb26b4b?Champion%20Token%20ID_max=3624&Champion%20Token%20ID_min=3624
3672,Yishu,Defender,0.50,2.95,80.67,324.36,50.11,226.00,289.89,494.96,7.00,13.00,"1,030.85",https://5rH8sf3XHWbNEbyj.public.blob.vercel-storage.com/profile/moki_a5f9016bbee96c63845cb19a7af3ab45d3370ca55c174c9809ee771b22278680_300x300.png,7,Common,,https://marketplace.roninchain.com/collections/0x9e8ed4ff354bd11602255b3d8e1ed13a1bb26b4b?Champion%20Token%20ID_max=3672&Champion%20Token%20ID_min=3672
3715,Scabbers,Bruiser,,,,,,490.96,21.00,218.00,23.00,211.00,963.96,https://5rH8sf3XHWbNEbyj.public.blob.vercel-storage.com/profile/moki_2c2f8bd32fe4eb2e0c4ae1582cb111702ea01a109a2052cc035fa0742e9c1b06_300x300.png,1,Common,Onesie,https://marketplace.roninchain.com/collections/0x9e8ed4ff354bd11602255b3d8e1ed13a1bb26b4b?Champion%20Token%20ID_max=3715&Champion%20Token%20ID_min=3715
3717,Artist Moki,Defender,1.12,0.05,213.85,331.59,50.57,270.00,310.63,540.64,80.63,75.11,"1,277.01",https://5rH8sf3XHWbNEbyj.public.blob.vercel-storage.com/profile/moki_ArtistMoki_300x300.png,8,1 of 1,,https://marketplace.roninchain.com/collections/0x9e8ed4ff354bd11602255b3d8e1ed13a1bb26b4b?Champion%20Token%20ID_max=3717&Champion%20Token%20ID_min=3717
3722,Moki Fanatic,Sprinter,0.62,2.28,111.63,323.74,49.54,44.86,471.26,263.44,237.07,40.43,"1,057.06",https://5rH8sf3XHWbNEbyj.public.blob.vercel-storage.com/profile/moki_2831435a95b44a3ca6e772de41581658551e8eeb13cb7c0abbf5243112a1f763_300x300.png,7,Common,,https://marketplace.roninchain.com/collections/0x9e8ed4ff354bd11602255b3d8e1ed13a1bb26b4b?Champion%20Token%20ID_max=3722&Champion%20Token%20ID_min=3722
3836,Amber,Striker,0.02,5.05,0.53,323.28,53.42,25.00,370.00,49.00,480.38,260.17,"1,184.55",https://5rH8sf3XHWbNEbyj.public.blob.vercel-storage.com/profile/moki_ec13342d2b9a2ed978b63b2704be77fd9dc9fd1c9b6a12f4926a9785618a9ab0_300x300.png,7,Gold,Kimono,https://marketplace.roninchain.com/collections/0x9e8ed4ff354bd11602255b3d8e1ed13a1bb26b4b?Champion%20Token%20ID_max=3836&Champion%20Token%20ID_min=3836
3841,SMG Loves You,Sprinter,1.07,2.06,30.85,298.44,50.57,49.00,529.40,300.66,315.31,49.00,"1,243.37",https://5rH8sf3XHWbNEbyj.public.blob.vercel-storage.com/profile/moki_d56d26ec644956177eb555e755c40b8f83c8d3458c6fdf83ff348d7b4b03abfc_300x300.png,2,Shadow,,https://marketplace.roninchain.com/collections/0x9e8ed4ff354bd11602255b3d8e1ed13a1bb26b4b?Champion%20Token%20ID_max=3841&Champion%20Token%20ID_min=3841
3847,Stark,Defender,1.07,0.04,201.16,313.20,48.17,246.00,313.31,449.82,37.00,39.62,"1,085.75",https://5rH8sf3XHWbNEbyj.public.blob.vercel-storage.com/profile/moki_0f2807f950992e7efd95a2dfa103a7271449cb28ab5127da567c5a2233f904cb_300x300.png,3,Gold,,https://marketplace.roninchain.com/collections/0x9e8ed4ff354bd11602255b3d8e1ed13a1bb26b4b?Champion%20Token%20ID_max=3847&Champion%20Token%20ID_min=3847
3932,Citrus,Forward,1.14,1.92,28.38,291.72,49.54,237.91,247.86,19.00,222.92,218.00,945.69,https://5rH8sf3XHWbNEbyj.public.blob.vercel-storage.com/profile/moki_50b2e18da3e237cc755adaaf77670d755eb0697cef51fb749689d747a6fc833c_300x300.png,1,Common,,https://marketplace.roninchain.com/collections/0x9e8ed4ff354bd11602255b3d8e1ed13a1bb26b4b?Champion%20Token%20ID_max=3932&Champion%20Token%20ID_min=3932
4011,Shadowstorm,Defender,1.47,0.42,86.82,295.95,51.26,272.69,280.08,507.20,69.00,49.00,"1,177.96",https://5rH8sf3XHWbNEbyj.public.blob.vercel-storage.com/profile/moki_618f941fd2963ec8052bc2ede71e3373e76953bc2ce2a0db4a8f910a04546012_300x300.png,1,Shadow,,https://marketplace.roninchain.com/collections/0x9e8ed4ff354bd11602255b3d8e1ed13a1bb26b4b?Champion%20Token%20ID_max=4011&Champion%20Token%20ID_min=4011
4137,Clutch,Defender,0.18,4.33,29.16,319.74,50.57,223.21,292.42,503.49,15.00,42.00,"1,076.12",https://5rH8sf3XHWbNEbyj.public.blob.vercel-storage.com/profile/moki_20b626c489dcac4ad34a42089be737f0cda4d40fbc37dd498583a9b66ab867ab_300x300.png,4,Common,,https://marketplace.roninchain.com/collections/0x9e8ed4ff354bd11602255b3d8e1ed13a1bb26b4b?Champion%20Token%20ID_max=4137&Champion%20Token%20ID_min=4137
4177,Ronin Spirit,Defender,0.76,2.80,44.31,319.70,51.37,274.65,331.09,558.89,35.00,62.00,"1,261.63",https://5rH8sf3XHWbNEbyj.public.blob.vercel-storage.com/profile/moki_e400845b3c4d8420cbbbf357d5ce8ba6ef2c992e08f0124543c8f5d5b369c7aa_300x300.png,4,Spirit,Ronin,https://marketplace.roninchain.com/collections/0x9e8ed4ff354bd11602255b3d8e1ed13a1bb26b4b?Champion%20Token%20ID_max=4177&Champion%20Token%20ID_min=4177
4193,MahoShojo,Striker,0.02,4.99,0.64,313.07,49.43,68.00,301.16,38.00,567.67,301.02,"1,275.85",https://5rH8sf3XHWbNEbyj.public.blob.vercel-storage.com/profile/moki_MahoShojo_300x300.png,3,1 of 1,,https://marketplace.roninchain.com/collections/0x9e8ed4ff354bd11602255b3d8e1ed13a1bb26b4b?Champion%20Token%20ID_max=4193&Champion%20Token%20ID_min=4193
4246,deadlykitten,Striker,0.00,5.07,0.39,321.43,52.40,46.00,315.63,51.00,508.00,317.46,"1,238.10",https://5rH8sf3XHWbNEbyj.public.blob.vercel-storage.com/profile/moki_e011e379bd81dd0866eebd9d8686794f5ead4bfaec14292d91c4de8396690d0d_300x300.png,6,Shadow,,https://marketplace.roninchain.com/collections/0x9e8ed4ff354bd11602255b3d8e1ed13a1bb26b4b?Champion%20Token%20ID_max=4246&Champion%20Token%20ID_min=4246
4258,Starfluff,Sprinter,0.02,4.92,0.26,305.89,47.26,68.00,503.40,263.00,298.99,58.00,"1,191.39",https://5rH8sf3XHWbNEbyj.public.blob.vercel-storage.com/profile/moki_Starfluff_300x300.png,2,1 of 1,,https://marketplace.roninchain.com/collections/0x9e8ed4ff354bd11602255b3d8e1ed13a1bb26b4b?Champion%20Token%20ID_max=4258&Champion%20Token%20ID_min=4258
4341,Mushroom Glasses,Defender,0.56,2.17,124.64,321.36,48.17,301.23,301.23,476.47,22.33,19.00,"1,120.26",https://5rH8sf3XHWbNEbyj.public.blob.vercel-storage.com/profile/moki_affaa2541cd458195e49ba7424c98d0288857105a7959b6bea7c20e9cc7bbd00_300x300.png,6,Rainbow,Crying Eye,https://marketplace.roninchain.com/collections/0x9e8ed4ff354bd11602255b3d8e1ed13a1bb26b4b?Champion%20Token%20ID_max=4341&Champion%20Token%20ID_min=4341
4407,BenDan,Sprinter,0.43,2.96,84.13,322.37,51.14,14.00,511.45,279.26,220.00,12.00,"1,036.71",https://5rH8sf3XHWbNEbyj.public.blob.vercel-storage.com/profile/moki_c5bc68da245c3e01bffcecfa2d43fd6a82229841c36b3b07ba24d1b98c1d075d_300x300.png,6,Common,Tongue Out,https://marketplace.roninchain.com/collections/0x9e8ed4ff354bd11602255b3d8e1ed13a1bb26b4b?Champion%20Token%20ID_max=4407&Champion%20Token%20ID_min=4407
4434,Sweatin Simmons,Grinder,1.99,0.52,11.48,320.34,59.36,330.04,51.77,108.42,232.00,428.00,"1,150.23",https://5rH8sf3XHWbNEbyj.public.blob.vercel-storage.com/profile/moki_2d65a6af655710b3f1a242ad54c35c424f742a5ca7847ad1d76f5dd81fc15d38_300x300.png,5,Rainbow,,https://marketplace.roninchain.com/collections/0x9e8ed4ff354bd11602255b3d8e1ed13a1bb26b4b?Champion%20Token%20ID_max=4434&Champion%20Token%20ID_min=4434
4437,Numbskull,Support,0.89,1.87,86.36,306.86,50.68,49.00,372.93,252.00,245.00,255.00,"1,173.93",https://5rH8sf3XHWbNEbyj.public.blob.vercel-storage.com/profile/moki_99aea1e9e67c186394e0c220f825e4da6d2344aa2e43cd09f6900a9d54045abe_300x300.png,2,Shadow,,https://marketplace.roninchain.com/collections/0x9e8ed4ff354bd11602255b3d8e1ed13a1bb26b4b?Champion%20Token%20ID_max=4437&Champion%20Token%20ID_min=4437
4509,KingOfRatz,Sprinter,0.70,1.50,151.19,317.67,47.26,66.00,473.93,321.14,366.23,65.00,"1,292.31",https://5rH8sf3XHWbNEbyj.public.blob.vercel-storage.com/profile/moki_KingOfRatz_300x300.png,3,1 of 1,,https://marketplace.roninchain.com/collections/0x9e8ed4ff354bd11602255b3d8e1ed13a1bb26b4b?Champion%20Token%20ID_max=4509&Champion%20Token%20ID_min=4509
4597,Dr Shroom,Anchor,1.09,1.97,27.80,295.72,53.08,262.00,133.72,249.00,328.69,240.00,"1,213.41",https://5rH8sf3XHWbNEbyj.public.blob.vercel-storage.com/profile/moki_b0aedb3551368aa68dcfae8fb4e5bbd9e3e7ffbd6a524955c0f67cc8c2b6b9cf_300x300.png,1,Shadow,Devious Mouth ,https://marketplace.roninchain.com/collections/0x9e8ed4ff354bd11602255b3d8e1ed13a1bb26b4b?Champion%20Token%20ID_max=4597&Champion%20Token%20ID_min=4597
4602,Wizard Boi,Defender,1.15,0.05,169.59,295.86,45.55,358.77,268.56,498.30,42.00,62.00,"1,229.63",https://5rH8sf3XHWbNEbyj.public.blob.vercel-storage.com/profile/moki_824f3780df160f275f0c71f8a1015767cb0d923369c18b9ade176dc5976c5bb5_300x300.png,1,Shadow,Crying Eye,https://marketplace.roninchain.com/collections/0x9e8ed4ff354bd11602255b3d8e1ed13a1bb26b4b?Champion%20Token%20ID_max=4602&Champion%20Token%20ID_min=4602
4642,Neuty,Striker,0.01,4.92,0.54,301.16,45.66,17.00,270.53,11.00,432.02,319.20,"1,049.75",https://5rH8sf3XHWbNEbyj.public.blob.vercel-storage.com/profile/moki_6b31ae120274eb17e256e7801b0263225d1498261e65e4dd06ce8008728b9738_300x300.png,2,Common,Tongue Out,https://marketplace.roninchain.com/collections/0x9e8ed4ff354bd11602255b3d8e1ed13a1bb26b4b?Champion%20Token%20ID_max=4642&Champion%20Token%20ID_min=4642
4819,akuma,Defender,0.62,2.37,96.35,316.72,47.95,268.00,356.50,554.19,93.00,67.00,"1,338.69",https://5rH8sf3XHWbNEbyj.public.blob.vercel-storage.com/profile/moki_akuma_300x300.png,3,1 of 1,,https://marketplace.roninchain.com/collections/0x9e8ed4ff354bd11602255b3d8e1ed13a1bb26b4b?Champion%20Token%20ID_max=4819&Champion%20Token%20ID_min=4819
4772,Milky,Center,1.54,0.36,69.06,285.53,49.77,334.13,221.00,229.00,5.00,214.00,"1,003.13",https://5rH8sf3XHWbNEbyj.public.blob.vercel-storage.com/profile/moki_68bcb0589d8eece13f67b31baf5b29dcb7b80f9f94a626c5e0f1d559088dd5f2_300x300.png,1,Common,Onesie,https://marketplace.roninchain.com/collections/0x9e8ed4ff354bd11602255b3d8e1ed13a1bb26b4b?Champion%20Token%20ID_max=4772&Champion%20Token%20ID_min=4772
4784,Poop Digger,Support,0.82,1.89,66.26,287.49,48.17,9.00,226.00,222.00,296.09,268.35,"1,021.44",https://5rH8sf3XHWbNEbyj.public.blob.vercel-storage.com/profile/moki_94045902fdf656f9c5a8a95fb60fb4376b1344cd1efc857cc36d56e963dfa7fb_300x300.png,1,Common,,https://marketplace.roninchain.com/collections/0x9e8ed4ff354bd11602255b3d8e1ed13a1bb26b4b?Champion%20Token%20ID_max=4784&Champion%20Token%20ID_min=4784
4813,Milo Thatch,Defender,1.09,0.04,217.16,328.81,50.34,225.00,313.01,409.33,9.00,32.27,988.61,https://5rH8sf3XHWbNEbyj.public.blob.vercel-storage.com/profile/moki_c88c13e5fc130467fa7f7bd14e6ea9ce7de53575e8ddb8562d3a5525d618b01f_300x300.png,8,Common,Devious Mouth,https://marketplace.roninchain.com/collections/0x9e8ed4ff354bd11602255b3d8e1ed13a1bb26b4b?Champion%20Token%20ID_max=4813&Champion%20Token%20ID_min=4813
4816,Vagabond,Striker,0.01,5.13,0.36,319.94,50.46,100.35,362.02,101.06,517.89,300.23,"1,381.55",https://5rH8sf3XHWbNEbyj.public.blob.vercel-storage.com/profile/moki_Vagabond_300x300.png,4,1 of 1,,https://marketplace.roninchain.com/collections/0x9e8ed4ff354bd11602255b3d8e1ed13a1bb26b4b?Champion%20Token%20ID_max=4816&Champion%20Token%20ID_min=4816
4919,Moki Pochi Moki,Defender,0.71,2.07,105.15,318.27,48.52,238.00,307.37,600.10,56.00,100.21,"1,301.68",https://5rH8sf3XHWbNEbyj.public.blob.vercel-storage.com/profile/moki_Mokipochi_300x300.png,4,1 of 1,,https://marketplace.roninchain.com/collections/0x9e8ed4ff354bd11602255b3d8e1ed13a1bb26b4b?Champion%20Token%20ID_max=4919&Champion%20Token%20ID_min=4919
5031,BADSPEED,Bruiser,2.02,0.38,20.91,319.57,58.22,550.33,76.23,245.00,29.00,241.00,"1,141.56",https://5rH8sf3XHWbNEbyj.public.blob.vercel-storage.com/profile/moki_b7838bb921f5e51ae52bd42c3622037cdf835c72a7dc749d9d30a068700201db_300x300.png,4,Gold,Tongue Out,https://marketplace.roninchain.com/collections/0x9e8ed4ff354bd11602255b3d8e1ed13a1bb26b4b?Champion%20Token%20ID_max=5031&Champion%20Token%20ID_min=5031
5050,Sleepy Gary,Bruiser,1.32,2.06,9.13,327.73,56.85,513.56,15.42,261.83,38.64,236.36,"1,065.81",https://5rH8sf3XHWbNEbyj.public.blob.vercel-storage.com/profile/moki_2cec94121edbc5384009f93f3f56dccee9766a513510bc7efee773a57fed0eac_300x300.png,8,Common,,https://marketplace.roninchain.com/collections/0x9e8ed4ff354bd11602255b3d8e1ed13a1bb26b4b?Champion%20Token%20ID_max=5050&Champion%20Token%20ID_min=5050
5078,CAPOEIRA,Striker,1.22,2.20,9.47,322.12,56.39,15.98,296.35,30.00,474.47,258.98,"1,075.78",https://5rH8sf3XHWbNEbyj.public.blob.vercel-storage.com/profile/moki_8ef3c2fd3340830f150f487f49ff13a461b54a221bebdab168df737b23a7d18d_300x300.png,6,Common,,https://marketplace.roninchain.com/collections/0x9e8ed4ff354bd11602255b3d8e1ed13a1bb26b4b?Champion%20Token%20ID_max=5078&Champion%20Token%20ID_min=5078
5110,Mugsy,Defender,1.12,0.08,175.80,297.57,45.21,306.85,313.51,488.10,27.00,33.33,"1,168.80",https://5rH8sf3XHWbNEbyj.public.blob.vercel-storage.com/profile/moki_610b13742358c44e937cda3cfa946f53abfb23d82e4b65f71cf99df8b88600e1_300x300.png,2,Gold,,https://marketplace.roninchain.com/collections/0x9e8ed4ff354bd11602255b3d8e1ed13a1bb26b4b?Champion%20Token%20ID_max=5110&Champion%20Token%20ID_min=5110
5125,Fire Moki,Sprinter,0.01,5.02,0.46,308.72,46.46,77.00,559.41,352.39,260.13,80.33,"1,329.26",https://5rH8sf3XHWbNEbyj.public.blob.vercel-storage.com/profile/moki_FireMoki_300x300.png,2,1 of 1,,https://marketplace.roninchain.com/collections/0x9e8ed4ff354bd11602255b3d8e1ed13a1bb26b4b?Champion%20Token%20ID_max=5125&Champion%20Token%20ID_min=5125
5168,Nisheep,Defender,0.33,3.43,64.63,311.94,47.72,334.89,232.86,450.00,25.00,25.00,"1,067.76",https://5rH8sf3XHWbNEbyj.public.blob.vercel-storage.com/profile/moki_dfc7729238f0f2820297c1cad0ad1ec3855f5e2108c8f757d6e00dd01d410554_300x300.png,3,Rainbow,Tongue Out | Onesie,https://marketplace.roninchain.com/collections/0x9e8ed4ff354bd11602255b3d8e1ed13a1bb26b4b?Champion%20Token%20ID_max=5168&Champion%20Token%20ID_min=5168
5193,Red Whine,Sprinter,0.14,4.47,26.45,320.75,50.46,44.00,540.54,370.04,248.00,41.00,"1,243.58",https://5rH8sf3XHWbNEbyj.public.blob.vercel-storage.com/profile/moki_9a1bf547f3eabc0245bb91505ea822711ae130e66a7a48ade7629cbf3cfaec4c_300x300.png,5,Shadow,Skull Mask,https://marketplace.roninchain.com/collections/0x9e8ed4ff354bd11602255b3d8e1ed13a1bb26b4b?Champion%20Token%20ID_max=5193&Champion%20Token%20ID_min=5193
5232,The Destroyer,Striker,0.01,4.98,0.57,314.33,50.34,17.00,215.00,36.00,460.49,211.00,939.49,https://5rH8sf3XHWbNEbyj.public.blob.vercel-storage.com/profile/moki_db39eb849e2dd91f23a4e7a96cf5ea3dce05bfbaece1975c3585fece735da69f_300x300.png,3,Common,,https://marketplace.roninchain.com/collections/0x9e8ed4ff354bd11602255b3d8e1ed13a1bb26b4b?Champion%20Token%20ID_max=5232&Champion%20Token%20ID_min=5232
5249,One,Striker,0.01,4.99,1.19,313.56,49.77,21.00,343.15,28.00,502.37,300.00,"1,194.52",https://5rH8sf3XHWbNEbyj.public.blob.vercel-storage.com/profile/moki_6296775a7ab72b2f4c2bb62a6592b4fa265651ce6126388a63229413480e0b8f_300x300.png,3,Gold,Kimono,https://marketplace.roninchain.com/collections/0x9e8ed4ff354bd11602255b3d8e1ed13a1bb26b4b?Champion%20Token%20ID_max=5249&Champion%20Token%20ID_min=5249
5256,Golden Nugget,Sprinter,0.62,2.12,129.18,325.38,47.83,60.54,563.59,313.97,277.46,53.26,"1,268.80",https://5rH8sf3XHWbNEbyj.public.blob.vercel-storage.com/profile/moki_c568fd280e7e7e6f2265383e8a468ebc3514037ab644e4aaa910d47e09b065c6_300x300.png,7,Shadow,Kimono | Crying Eye,https://marketplace.roninchain.com/collections/0x9e8ed4ff354bd11602255b3d8e1ed13a1bb26b4b?Champion%20Token%20ID_max=5256&Champion%20Token%20ID_min=5256
5504,JOEHNINGUS,Bruiser,0.92,2.84,6.89,310.21,51.94,530.90,57.31,249.51,60.25,227.00,"1,124.97",https://5rH8sf3XHWbNEbyj.public.blob.vercel-storage.com/profile/moki_66528043dc66364346780a38b81635832f0149fdfa4169295fc206dad616f6cf_300x300.png,2,Rainbow,Crying Eye | Pink Overalls,https://marketplace.roninchain.com/collections/0x9e8ed4ff354bd11602255b3d8e1ed13a1bb26b4b?Champion%20Token%20ID_max=5504&Champion%20Token%20ID_min=5504
5534,Mozy,Bruiser,0.84,2.06,81.50,313.82,52.05,520.62,59.98,258.00,94.00,252.00,"1,184.60",https://5rH8sf3XHWbNEbyj.public.blob.vercel-storage.com/profile/moki_Mozy_300x300.png,3,1 of 1,,https://marketplace.roninchain.com/collections/0x9e8ed4ff354bd11602255b3d8e1ed13a1bb26b4b?Champion%20Token%20ID_max=5534&Champion%20Token%20ID_min=5534
5705,Fenrir,Defender,0.16,4.54,16.59,319.59,50.34,230.00,303.32,501.49,20.00,30.00,"1,084.81",https://5rH8sf3XHWbNEbyj.public.blob.vercel-storage.com/profile/moki_3452a8c68c84b31451493b4db5a85839b1442c5d0058494a228dcb78c1918e71_300x300.png,4,Common,Onesie,https://marketplace.roninchain.com/collections/0x9e8ed4ff354bd11602255b3d8e1ed13a1bb26b4b?Champion%20Token%20ID_max=5705&Champion%20Token%20ID_min=5705
5710,Fernecito,Sprinter,0.82,1.42,118.34,294.55,46.80,27.00,503.73,291.21,239.00,43.71,"1,104.66",https://5rH8sf3XHWbNEbyj.public.blob.vercel-storage.com/profile/moki_f38d9c0123af3e24e42b3692de373a8cea9f5b602f42b7a59a40191c59fc1943_300x300.png,1,Rainbow,Devious Mouth | Blue Overalls,https://marketplace.roninchain.com/collections/0x9e8ed4ff354bd11602255b3d8e1ed13a1bb26b4b?Champion%20Token%20ID_max=5710&Champion%20Token%20ID_min=5710
5755,Keanu,Sprinter,0.55,2.12,129.90,321.22,48.06,79.00,551.79,310.15,252.00,39.00,"1,231.95",https://5rH8sf3XHWbNEbyj.public.blob.vercel-storage.com/profile/moki_5a7fa04b83f7764fd75a1d6eb5c18d054f5d7876b4919080285e202e0bc905f6_300x300.png,6,Spirit,Kimono,https://marketplace.roninchain.com/collections/0x9e8ed4ff354bd11602255b3d8e1ed13a1bb26b4b?Champion%20Token%20ID_max=5755&Champion%20Token%20ID_min=5755
5809,The Champ MoTZ,Sprinter,0.14,4.48,28.95,319.55,48.74,39.00,514.76,284.20,214.00,11.00,"1,062.95",https://5rH8sf3XHWbNEbyj.public.blob.vercel-storage.com/profile/moki_3e684ca6e8ecd6b7404b29b303d2990a34dac7a6726729c38d203c494ca60d38_300x300.png,4,Common,,https://marketplace.roninchain.com/collections/0x9e8ed4ff354bd11602255b3d8e1ed13a1bb26b4b?Champion%20Token%20ID_max=5809&Champion%20Token%20ID_min=5809
5885,Smiley,Striker,0.02,4.92,0.31,319.36,52.97,33.74,212.72,47.19,452.68,229.00,975.33,https://5rH8sf3XHWbNEbyj.public.blob.vercel-storage.com/profile/moki_d869aaff34185859dbcd9fd6e7d7b1ac8f09ed7fbf84a39dfee9354e93c2cb5e_300x300.png,4,Common,Samurai,https://marketplace.roninchain.com/collections/0x9e8ed4ff354bd11602255b3d8e1ed13a1bb26b4b?Champion%20Token%20ID_max=5885&Champion%20Token%20ID_min=5885
5890,Uni,Defender,1.09,0.05,158.38,284.72,46.80,214.00,229.23,428.00,29.00,13.00,913.23,https://5rH8sf3XHWbNEbyj.public.blob.vercel-storage.com/profile/moki_a5236f40033aa83450cfb124ef44cca3dfd07d1b08872862dacea18bffbf6c64_300x300.png,1,Common,Green Overalls | Oni,https://marketplace.roninchain.com/collections/0x9e8ed4ff354bd11602255b3d8e1ed13a1bb26b4b?Champion%20Token%20ID_max=5890&Champion%20Token%20ID_min=5890
5925,Rae,Grinder,0.02,4.99,0.30,320.42,52.97,217.33,31.99,13.00,246.92,450.05,959.29,https://5rH8sf3XHWbNEbyj.public.blob.vercel-storage.com/profile/moki_6e40e00506bd948ef0d686b78abefc1194fa566426f7e84698dbe69ebda62dab_300x300.png,5,Common,,https://marketplace.roninchain.com/collections/0x9e8ed4ff354bd11602255b3d8e1ed13a1bb26b4b?Champion%20Token%20ID_max=5925&Champion%20Token%20ID_min=5925
5960,Its Madam,Defender,1.28,1.99,16.96,320.55,54.22,207.00,323.90,454.85,24.00,39.67,"1,049.41",https://5rH8sf3XHWbNEbyj.public.blob.vercel-storage.com/profile/moki_66416af712d63df5ad96dbef1929ea83c78eb37b7e6d13c9503ef5eac7b3662f_300x300.png,5,Common,,https://marketplace.roninchain.com/collections/0x9e8ed4ff354bd11602255b3d8e1ed13a1bb26b4b?Champion%20Token%20ID_max=5960&Champion%20Token%20ID_min=5960
6009,Filthy,Striker,0.00,5.16,0.23,320.53,50.23,66.42,298.96,63.00,555.67,281.02,"1,265.08",https://5rH8sf3XHWbNEbyj.public.blob.vercel-storage.com/profile/moki_f0b548f765006fcce90660c30b027b6a3042ee1906be395067b1824046a4f288_300x300.png,5,Spirit,Apron | Tongue Out,https://marketplace.roninchain.com/collections/0x9e8ed4ff354bd11602255b3d8e1ed13a1bb26b4b?Champion%20Token%20ID_max=6009&Champion%20Token%20ID_min=6009
6014,YP The Fearless,Defender,1.58,0.43,88.59,311.34,52.63,245.37,283.38,467.24,83.00,42.00,"1,120.99",https://5rH8sf3XHWbNEbyj.public.blob.vercel-storage.com/profile/moki_20eb9dbe0358cfba4f4661499fe3ddb4a8ec05d623db9d3daee0094e89af3875_300x300.png,3,Spirit,Ronin,https://marketplace.roninchain.com/collections/0x9e8ed4ff354bd11602255b3d8e1ed13a1bb26b4b?Champion%20Token%20ID_max=6014&Champion%20Token%20ID_min=6014
6025,Kuroshi,Defender,1.07,0.04,221.44,321.28,45.55,252.65,310.14,530.34,54.21,52.00,"1,199.34",https://5rH8sf3XHWbNEbyj.public.blob.vercel-storage.com/profile/moki_8a95f752b77cff1531e8597673958557c799485a9e645371a77e3a123fcacade_300x300.png,6,Shadow,Ronin,https://marketplace.roninchain.com/collections/0x9e8ed4ff354bd11602255b3d8e1ed13a1bb26b4b?Champion%20Token%20ID_max=6025&Champion%20Token%20ID_min=6025
6066,Zaris,Defender,0.80,1.56,148.58,331.88,48.74,306.22,312.47,523.18,30.00,44.57,"1,216.44",https://5rH8sf3XHWbNEbyj.public.blob.vercel-storage.com/profile/moki_739f9f9feb1822edcf39c6040619dd011a86ca79b3117e74569f94aecf776707_300x300.png,8,Rainbow,Crying Eye,https://marketplace.roninchain.com/collections/0x9e8ed4ff354bd11602255b3d8e1ed13a1bb26b4b?Champion%20Token%20ID_max=6066&Champion%20Token%20ID_min=6066
6100,Sir Pochington,Striker,0.01,5.07,0.77,321.20,51.37,10.00,301.01,36.00,505.24,297.99,"1,150.25",https://5rH8sf3XHWbNEbyj.public.blob.vercel-storage.com/profile/moki_9c8b63f2655168f91a1ea47c1ab2a8f36ce25e22237c1d89c8e0d394c746d00c_300x300.png,5,Rainbow,,https://marketplace.roninchain.com/collections/0x9e8ed4ff354bd11602255b3d8e1ed13a1bb26b4b?Champion%20Token%20ID_max=6100&Champion%20Token%20ID_min=6100
6142,Garrison,Defender,1.12,0.26,179.36,314.10,47.49,289.53,371.00,537.78,30.00,78.68,"1,306.99",https://5rH8sf3XHWbNEbyj.public.blob.vercel-storage.com/profile/moki_a75a4829aacec512d7d2c3ed1816bb49e280681d502a433bfafd1f52f45df932_300x300.png,3,Shadow,Kimono | Crying Eye | Devious Mouth,https://marketplace.roninchain.com/collections/0x9e8ed4ff354bd11602255b3d8e1ed13a1bb26b4b?Champion%20Token%20ID_max=6142&Champion%20Token%20ID_min=6142
6191,Antithei,Striker,0.01,5.14,0.52,317.77,48.97,62.00,320.39,52.00,551.04,320.18,"1,305.61",https://5rH8sf3XHWbNEbyj.public.blob.vercel-storage.com/profile/moki_f30bb2687e46904b45586f97228391c3cc43ce62e2203359c2bc13131b89be3f_300x300.png,3,Shadow,Kimono,https://marketplace.roninchain.com/collections/0x9e8ed4ff354bd11602255b3d8e1ed13a1bb26b4b?Champion%20Token%20ID_max=6191&Champion%20Token%20ID_min=6191
6221,UnderdogByDesign,Defender,1.16,0.04,199.89,320.77,48.97,234.56,289.60,501.50,36.33,50.56,"1,112.55",https://5rH8sf3XHWbNEbyj.public.blob.vercel-storage.com/profile/moki_3dbdcc51e49d82b92701fd69c9013f05efeaf6684d146c1b93d0389337f625e6_300x300.png,5,Rainbow,Devious Mouth,https://marketplace.roninchain.com/collections/0x9e8ed4ff354bd11602255b3d8e1ed13a1bb26b4b?Champion%20Token%20ID_max=6221&Champion%20Token%20ID_min=6221
6259,BLAZIN ACE,Sprinter,0.80,1.09,168.22,321.75,47.49,18.00,488.69,289.49,238.00,26.00,"1,060.18",https://5rH8sf3XHWbNEbyj.public.blob.vercel-storage.com/profile/moki_8208df9984fda265b25c4dae5a6e8ac07d2f7e9d7f5e9ce734b239b9ad87379a_300x300.png,6,Rainbow,,https://marketplace.roninchain.com/collections/0x9e8ed4ff354bd11602255b3d8e1ed13a1bb26b4b?Champion%20Token%20ID_max=6259&Champion%20Token%20ID_min=6259
6293,Karpathy,Bruiser,0.87,2.00,71.47,297.77,48.74,539.65,31.00,251.00,57.93,233.00,"1,112.58",https://5rH8sf3XHWbNEbyj.public.blob.vercel-storage.com/profile/moki_17131971a5991966f0125eca542ca3e663ea7d6bccfed5a97bc57ed05f91cc86_300x300.png,2,Gold,,https://marketplace.roninchain.com/collections/0x9e8ed4ff354bd11602255b3d8e1ed13a1bb26b4b?Champion%20Token%20ID_max=6293&Champion%20Token%20ID_min=6293
6300,Dango,Striker,0.00,5.00,0.30,322.96,54.79,22.00,220.62,33.96,526.12,242.00,"1,044.70",https://5rH8sf3XHWbNEbyj.public.blob.vercel-storage.com/profile/moki_9f638a289702bde28f962c34282538aad267b2d6a1151352b37b3c0a53784f41_300x300.png,7,Rainbow,,https://marketplace.roninchain.com/collections/0x9e8ed4ff354bd11602255b3d8e1ed13a1bb26b4b?Champion%20Token%20ID_max=6300&Champion%20Token%20ID_min=6300
6414,APPLE,Flanker,1.15,1.93,22.53,293.32,51.26,252.00,292.20,214.00,242.00,11.00,"1,011.20",https://5rH8sf3XHWbNEbyj.public.blob.vercel-storage.com/profile/moki_36f34cd4f42f222902f670187992193e3426df2f586a764c2e0f1eaea50792e0_300x300.png,1,Rainbow,Tongue Out,https://marketplace.roninchain.com/collections/0x9e8ed4ff354bd11602255b3d8e1ed13a1bb26b4b?Champion%20Token%20ID_max=6414&Champion%20Token%20ID_min=6414
6536,Rainbow Queen,Defender,1.12,0.04,198.02,321.30,51.26,267.77,261.95,474.59,19.00,16.00,"1,039.31",https://5rH8sf3XHWbNEbyj.public.blob.vercel-storage.com/profile/moki_9d7170fc7c91aded72e50355ae98e845b597b37f5be94d48ad4d1aa83b44386b_300x300.png,6,Rainbow,Green Overalls | Tongue Out,https://marketplace.roninchain.com/collections/0x9e8ed4ff354bd11602255b3d8e1ed13a1bb26b4b?Champion%20Token%20ID_max=6536&Champion%20Token%20ID_min=6536
6602,Miyamoto Musashi,Striker,0.03,4.94,1.05,317.35,52.17,21.67,277.74,12.00,501.59,270.92,"1,083.92",https://5rH8sf3XHWbNEbyj.public.blob.vercel-storage.com/profile/moki_0c256e07c263f8f354fe8cc2c62c3c021465c81ea345b3416f10c11fdf63b0a8_300x300.png,3,Common,,https://marketplace.roninchain.com/collections/0x9e8ed4ff354bd11602255b3d8e1ed13a1bb26b4b?Champion%20Token%20ID_max=6602&Champion%20Token%20ID_min=6602
6606,Dark Lord Moki,Defender,0.01,5.03,0.55,310.10,47.26,300.10,300.11,548.82,58.00,66.00,"1,273.03",https://5rH8sf3XHWbNEbyj.public.blob.vercel-storage.com/profile/moki_CultMoki_300x300.png,2,1 of 1,,https://marketplace.roninchain.com/collections/0x9e8ed4ff354bd11602255b3d8e1ed13a1bb26b4b?Champion%20Token%20ID_max=6606&Champion%20Token%20ID_min=6606
6769,Not a Raccoon,Grinder,0.02,4.90,0.54,304.40,47.15,288.46,33.00,20.00,254.94,443.02,"1,039.42",https://5rH8sf3XHWbNEbyj.public.blob.vercel-storage.com/profile/moki_06189f822ac0fcb1d311a3a33d7bd55659b4c8d82594cfc4b28f8ce190df29f0_300x300.png,2,Common,Garbage Can,https://marketplace.roninchain.com/collections/0x9e8ed4ff354bd11602255b3d8e1ed13a1bb26b4b?Champion%20Token%20ID_max=6769&Champion%20Token%20ID_min=6769
6777,Roninku,Striker,0.02,5.02,0.42,310.72,47.49,62.00,424.87,60.00,518.21,235.56,"1,300.64",https://5rH8sf3XHWbNEbyj.public.blob.vercel-storage.com/profile/moki_Roninku_300x300.png,2,1 of 1,,https://marketplace.roninchain.com/collections/0x9e8ed4ff354bd11602255b3d8e1ed13a1bb26b4b?Champion%20Token%20ID_max=6777&Champion%20Token%20ID_min=6777
6820,Mononoku,Striker,0.02,5.05,0.49,316.97,49.54,58.00,353.51,48.00,555.21,302.12,"1,316.84",https://5rH8sf3XHWbNEbyj.public.blob.vercel-storage.com/profile/moki_9f92a5e17d85902c3c1cde6afe1495bac44a3214f514b25bfb31046065c8b30c_300x300.png,3,Spirit,,https://marketplace.roninchain.com/collections/0x9e8ed4ff354bd11602255b3d8e1ed13a1bb26b4b?Champion%20Token%20ID_max=6820&Champion%20Token%20ID_min=6820
6821,24K,Defender,1.06,0.04,207.98,322.90,51.14,246.00,324.70,518.83,30.00,27.00,"1,146.53",https://5rH8sf3XHWbNEbyj.public.blob.vercel-storage.com/profile/moki_3adb82204c485cb46e5b46141720378203da79046a69bbb76d7f74ad6c879a75_300x300.png,6,Gold,,https://marketplace.roninchain.com/collections/0x9e8ed4ff354bd11602255b3d8e1ed13a1bb26b4b?Champion%20Token%20ID_max=6821&Champion%20Token%20ID_min=6821
6824,Ryu Ganken,Grinder,1.47,1.74,5.68,327.13,57.76,319.99,26.00,101.91,235.00,437.00,"1,119.90",https://5rH8sf3XHWbNEbyj.public.blob.vercel-storage.com/profile/moki_b26a231cc164ddc7bab80dd9236d14aadd3d8a3f08522a127eb1533052624a0b_300x300.png,8,Rainbow,Kimono,https://marketplace.roninchain.com/collections/0x9e8ed4ff354bd11602255b3d8e1ed13a1bb26b4b?Champion%20Token%20ID_max=6824&Champion%20Token%20ID_min=6824
6882,Fuoco Fatuo,Defender,1.16,0.06,201.14,328.20,51.14,243.00,377.32,600.00,39.00,56.00,"1,315.32",https://5rH8sf3XHWbNEbyj.public.blob.vercel-storage.com/profile/moki_f620392b8cb98feb002531ac076c78a226fe858f3bc430d45bfc85e8f52e7734_300x300.png,8,Spirit,Kimono | Kitsune,https://marketplace.roninchain.com/collections/0x9e8ed4ff354bd11602255b3d8e1ed13a1bb26b4b?Champion%20Token%20ID_max=6882&Champion%20Token%20ID_min=6882
6913,Butthole Moki,Bruiser,2.05,0.15,17.68,303.03,57.08,547.82,96.37,271.00,66.67,271.00,"1,252.86",https://5rH8sf3XHWbNEbyj.public.blob.vercel-storage.com/profile/moki_ButtholeLord_300x300.png,2,1 of 1,,https://marketplace.roninchain.com/collections/0x9e8ed4ff354bd11602255b3d8e1ed13a1bb26b4b?Champion%20Token%20ID_max=6913&Champion%20Token%20ID_min=6913
7008,Chef Maki,Defender,1.12,0.05,202.31,321.08,49.66,268.00,338.85,518.93,51.00,47.00,"1,223.78",https://5rH8sf3XHWbNEbyj.public.blob.vercel-storage.com/profile/moki_5a03dfce261a3a235a92ba93f7e6e58d766f7eca0c1f65094b007161eacb5ebe_300x300.png,5,Spirit,,https://marketplace.roninchain.com/collections/0x9e8ed4ff354bd11602255b3d8e1ed13a1bb26b4b?Champion%20Token%20ID_max=7008&Champion%20Token%20ID_min=7008
7021,Poo Licker,Defender,1.10,0.04,208.65,322.27,48.63,226.00,295.05,493.33,17.00,17.00,"1,048.38",https://5rH8sf3XHWbNEbyj.public.blob.vercel-storage.com/profile/moki_efd8ac7ffad48f087d98e77ea193e8719950c00605f1f42f6e07720d209e4aff_300x300.png,6,Common,Tongue Out,https://marketplace.roninchain.com/collections/0x9e8ed4ff354bd11602255b3d8e1ed13a1bb26b4b?Champion%20Token%20ID_max=7021&Champion%20Token%20ID_min=7021
7181,Gruyere,Striker,0.01,5.11,0.40,309.95,45.89,70.00,317.10,57.00,533.56,300.63,"1,278.29",https://5rH8sf3XHWbNEbyj.public.blob.vercel-storage.com/profile/moki_Gruyere_300x300.png,2,1 of 1,,https://marketplace.roninchain.com/collections/0x9e8ed4ff354bd11602255b3d8e1ed13a1bb26b4b?Champion%20Token%20ID_max=7181&Champion%20Token%20ID_min=7181
7215,Krampy,Defender,1.38,0.24,99.51,288.70,50.80,241.00,300.42,502.56,22.00,38.00,"1,103.98",https://5rH8sf3XHWbNEbyj.public.blob.vercel-storage.com/profile/moki_eec649dd217bafce632f71d5985f726357983cfcfea44646bb399d0c35e73299_300x300.png,1,Rainbow,Onesie,https://marketplace.roninchain.com/collections/0x9e8ed4ff354bd11602255b3d8e1ed13a1bb26b4b?Champion%20Token%20ID_max=7215&Champion%20Token%20ID_min=7215
7247,Sam Nielbyyy,Defender,1.03,0.05,211.90,319.77,49.43,300.50,311.33,539.51,48.00,45.00,"1,244.34",https://5rH8sf3XHWbNEbyj.public.blob.vercel-storage.com/profile/moki_d82ab06ebd9710bea84e8eacf3af371d25771dbb591f9400994836ea3550cfaa_300x300.png,4,Spirit,Kimono,https://marketplace.roninchain.com/collections/0x9e8ed4ff354bd11602255b3d8e1ed13a1bb26b4b?Champion%20Token%20ID_max=7247&Champion%20Token%20ID_min=7247
7254,Nomad,Defender,1.75,0.11,66.62,298.34,52.74,274.00,348.74,526.85,52.00,68.00,"1,269.59",https://5rH8sf3XHWbNEbyj.public.blob.vercel-storage.com/profile/moki_Nomad_300x300.png,2,1 of 1,,https://marketplace.roninchain.com/collections/0x9e8ed4ff354bd11602255b3d8e1ed13a1bb26b4b?Champion%20Token%20ID_max=7254&Champion%20Token%20ID_min=7254
7302,MK Ultra 8888,Defender,1.09,0.99,128.28,321.96,47.72,228.29,303.01,500.01,33.00,32.62,"1,096.93",https://5rH8sf3XHWbNEbyj.public.blob.vercel-storage.com/profile/moki_0a4808d3d76d1f68e8d61b75b8272ebb23ffe8449465def72e7a6bdd0f6f816e_300x300.png,6,Rainbow,Crying Eye,https://marketplace.roninchain.com/collections/0x9e8ed4ff354bd11602255b3d8e1ed13a1bb26b4b?Champion%20Token%20ID_max=7302&Champion%20Token%20ID_min=7302
7303,Straw Barry,Defender,1.15,0.06,191.61,321.02,50.68,221.00,278.57,470.14,30.00,41.39,"1,041.10",https://5rH8sf3XHWbNEbyj.public.blob.vercel-storage.com/profile/moki_8242b5f72e01caa3dfbf87b50495295a3ee25a67bde3e42214afa776c6b9f574_300x300.png,5,Common,Kimono,https://marketplace.roninchain.com/collections/0x9e8ed4ff354bd11602255b3d8e1ed13a1bb26b4b?Champion%20Token%20ID_max=7303&Champion%20Token%20ID_min=7303
7338,Mokuna,Bruiser,1.16,2.38,8.78,322.94,56.28,534.55,19.00,260.00,29.00,246.17,"1,088.72",https://5rH8sf3XHWbNEbyj.public.blob.vercel-storage.com/profile/moki_228e2054601e4b3d4404755314e0cb0bc45fdc94f73085a7738791274e33f0cd_300x300.png,6,Rainbow,,https://marketplace.roninchain.com/collections/0x9e8ed4ff354bd11602255b3d8e1ed13a1bb26b4b?Champion%20Token%20ID_max=7338&Champion%20Token%20ID_min=7338
7360,Kintama,Flanker,0.82,1.96,77.57,296.12,47.72,240.00,303.82,274.00,330.42,44.00,"1,192.24",https://5rH8sf3XHWbNEbyj.public.blob.vercel-storage.com/profile/moki_Kintama_300x300.png,1,1 of 1,,https://marketplace.roninchain.com/collections/0x9e8ed4ff354bd11602255b3d8e1ed13a1bb26b4b?Champion%20Token%20ID_max=7360&Champion%20Token%20ID_min=7360
7370,Hoppi,Striker,0.02,4.93,1.63,313.36,50.23,45.67,349.63,76.30,502.97,340.71,"1,315.27",https://5rH8sf3XHWbNEbyj.public.blob.vercel-storage.com/profile/moki_d0cdd9e1716c785d94d7af8e6f7c004338f9ed1e4bd1bb61914e9af6e62aea30_300x300.png,3,Spirit,,https://marketplace.roninchain.com/collections/0x9e8ed4ff354bd11602255b3d8e1ed13a1bb26b4b?Champion%20Token%20ID_max=7370&Champion%20Token%20ID_min=7370
7405,Somber,Defender,0.29,3.78,51.10,325.84,52.17,245.00,286.23,492.84,27.00,30.00,"1,081.06",https://5rH8sf3XHWbNEbyj.public.blob.vercel-storage.com/profile/moki_da99b84105a4706929237d00de5c048b90e339c8f053ae4bcf9f90687be1553d_300x300.png,7,Rainbow,Apron,https://marketplace.roninchain.com/collections/0x9e8ed4ff354bd11602255b3d8e1ed13a1bb26b4b?Champion%20Token%20ID_max=7405&Champion%20Token%20ID_min=7405
7608,Sydney,Flanker,0.80,1.88,76.67,282.00,44.98,209.00,273.36,298.60,221.00,23.00,"1,024.96",https://5rH8sf3XHWbNEbyj.public.blob.vercel-storage.com/profile/moki_8aa14f2aff6615cfdd93cd1cee592ab389dd979cbb22b6ddda41ee0996e2ddb3_300x300.png,1,Common,,https://marketplace.roninchain.com/collections/0x9e8ed4ff354bd11602255b3d8e1ed13a1bb26b4b?Champion%20Token%20ID_max=7608&Champion%20Token%20ID_min=7608
7691,Ruddy,Sprinter,0.35,3.65,57.27,325.01,50.80,50.00,500.00,297.97,236.00,51.08,"1,135.05",https://5rH8sf3XHWbNEbyj.public.blob.vercel-storage.com/profile/moki_3f1af978756e2c08d2540ac2cfaa774692c606488a7e1e0eba79de7dcba25195_300x300.png,7,Rainbow,Apron,https://marketplace.roninchain.com/collections/0x9e8ed4ff354bd11602255b3d8e1ed13a1bb26b4b?Champion%20Token%20ID_max=7691&Champion%20Token%20ID_min=7691
7804,Oniki,Flanker,1.46,0.41,78.15,287.83,50.34,270.00,251.00,262.00,259.00,83.00,"1,125.00",https://5rH8sf3XHWbNEbyj.public.blob.vercel-storage.com/profile/moki_Oniki_300x300.png,1,1 of 1,,https://marketplace.roninchain.com/collections/0x9e8ed4ff354bd11602255b3d8e1ed13a1bb26b4b?Champion%20Token%20ID_max=7804&Champion%20Token%20ID_min=7804
7858,Maomao,Defender,0.32,3.60,62.55,324.74,50.11,221.00,312.50,548.54,17.00,42.00,"1,141.03",https://5rH8sf3XHWbNEbyj.public.blob.vercel-storage.com/profile/moki_240a4fd6ffe669bf53dbd887ae61d11f8b051ba982ec90378ff49a113849bfbc_300x300.png,7,Common,Onesie,https://marketplace.roninchain.com/collections/0x9e8ed4ff354bd11602255b3d8e1ed13a1bb26b4b?Champion%20Token%20ID_max=7858&Champion%20Token%20ID_min=7858
7942,Extra Onions,Sprinter,0.76,1.70,111.73,298.13,47.83,50.00,510.29,300.48,259.00,67.00,"1,186.77",https://5rH8sf3XHWbNEbyj.public.blob.vercel-storage.com/profile/moki_260ab20ed00596d83459fd1b8047351ccd4a24e8f2da7c8537fd3f94d4496c10_300x300.png,2,Spirit,Tongue Out,https://marketplace.roninchain.com/collections/0x9e8ed4ff354bd11602255b3d8e1ed13a1bb26b4b?Champion%20Token%20ID_max=7942&Champion%20Token%20ID_min=7942
7947,CitraVale,Sprinter,0.84,1.03,171.84,323.56,46.00,37.00,528.57,283.64,344.21,53.00,"1,246.42",https://5rH8sf3XHWbNEbyj.public.blob.vercel-storage.com/profile/moki_55e0cc1502554636347b20362d902298dcf8cb2131899ca22367375c0c6c3200_300x300.png,7,Shadow,Crying Eye,https://marketplace.roninchain.com/collections/0x9e8ed4ff354bd11602255b3d8e1ed13a1bb26b4b?Champion%20Token%20ID_max=7947&Champion%20Token%20ID_min=7947
7958,Borealis,Striker,0.04,4.87,4.54,311.71,50.11,57.00,385.86,56.00,513.40,304.21,"1,316.47",https://5rH8sf3XHWbNEbyj.public.blob.vercel-storage.com/profile/moki_Borealis_300x300.png,3,1 of 1,,https://marketplace.roninchain.com/collections/0x9e8ed4ff354bd11602255b3d8e1ed13a1bb26b4b?Champion%20Token%20ID_max=7958&Champion%20Token%20ID_min=7958
8016,Lil MC Moki,Striker,0.00,5.08,0.56,319.82,51.03,21.00,288.33,34.00,481.11,263.88,"1,088.32",https://5rH8sf3XHWbNEbyj.public.blob.vercel-storage.com/profile/moki_0cabea8fb4246344665ec4e9cd7984e6ad9e198ea7b94bc975db24ec367dc1ea_300x300.png,4,Common,,https://marketplace.roninchain.com/collections/0x9e8ed4ff354bd11602255b3d8e1ed13a1bb26b4b?Champion%20Token%20ID_max=8016&Champion%20Token%20ID_min=8016
8044,Mad Scientist,Sprinter,1.44,0.43,77.38,288.74,51.26,86.00,557.86,330.31,258.28,52.00,"1,284.45",https://5rH8sf3XHWbNEbyj.public.blob.vercel-storage.com/profile/moki_Memecontest_neoarts_300x300.png,1,1 of 1,,https://marketplace.roninchain.com/collections/0x9e8ed4ff354bd11602255b3d8e1ed13a1bb26b4b?Champion%20Token%20ID_max=8044&Champion%20Token%20ID_min=8044
8086,Maid of Shadows,Defender,1.06,0.05,220.12,324.36,48.29,255.00,336.14,551.19,49.00,52.00,"1,243.33",https://5rH8sf3XHWbNEbyj.public.blob.vercel-storage.com/profile/moki_0fdb0f4d3be27cff1befb905d2b20e77b1c1e35df099bf7ef49a99c966708a49_300x300.png,7,Shadow,Apron | Crying Eye,https://marketplace.roninchain.com/collections/0x9e8ed4ff354bd11602255b3d8e1ed13a1bb26b4b?Champion%20Token%20ID_max=8086&Champion%20Token%20ID_min=8086
8097,Guppy93Allan,Striker,0.01,5.11,0.29,320.31,50.34,57.00,326.25,50.00,546.30,359.84,"1,339.39",https://5rH8sf3XHWbNEbyj.public.blob.vercel-storage.com/profile/moki_082d7f805b81cdb3965e55c27bc6233345649d5b95556730f06082c0aeaa4907_300x300.png,5,Shadow,,https://marketplace.roninchain.com/collections/0x9e8ed4ff354bd11602255b3d8e1ed13a1bb26b4b?Champion%20Token%20ID_max=8097&Champion%20Token%20ID_min=8097
8180,Dheu,Bruiser,2.26,0.13,16.55,328.00,61.19,507.28,25.00,257.10,25.00,252.23,"1,066.61",https://5rH8sf3XHWbNEbyj.public.blob.vercel-storage.com/profile/moki_64366db47bc52f9842983168e7af5885c0852e82efad87bc629418a1a5f6700a_300x300.png,8,Common,Green Overalls,https://marketplace.roninchain.com/collections/0x9e8ed4ff354bd11602255b3d8e1ed13a1bb26b4b?Champion%20Token%20ID_max=8180&Champion%20Token%20ID_min=8180
8260,BIN Diesel,Defender,0.60,2.47,95.93,324.47,51.03,222.00,354.12,443.67,19.00,14.00,"1,052.79",https://5rH8sf3XHWbNEbyj.public.blob.vercel-storage.com/profile/moki_9c9739877ce8af280b88434b28ae104b4654913de2dabc329d6b3c028c7e0001_300x300.png,7,Common,Garbage Can,https://marketplace.roninchain.com/collections/0x9e8ed4ff354bd11602255b3d8e1ed13a1bb26b4b?Champion%20Token%20ID_max=8260&Champion%20Token%20ID_min=8260
8277,Palmer,Sprinter,0.54,2.07,136.10,324.97,50.00,68.62,562.15,315.46,255.34,59.00,"1,260.57",https://5rH8sf3XHWbNEbyj.public.blob.vercel-storage.com/profile/moki_806ca9c12e26c069f3af76e276c592aa085b71bf04f7f01a45bd7dcca3946fb2_300x300.png,7,Shadow,Samurai,https://marketplace.roninchain.com/collections/0x9e8ed4ff354bd11602255b3d8e1ed13a1bb26b4b?Champion%20Token%20ID_max=8277&Champion%20Token%20ID_min=8277
8316,Fishoo,Bruiser,2.15,0.15,14.09,322.49,63.24,481.41,19.00,220.00,31.00,220.00,971.41,https://5rH8sf3XHWbNEbyj.public.blob.vercel-storage.com/profile/moki_ca354668d6f60c07bd6f57a736213f77bde1362fdcac38406b7fa05f182af9f1_300x300.png,6,Common,Crying Eye,https://marketplace.roninchain.com/collections/0x9e8ed4ff354bd11602255b3d8e1ed13a1bb26b4b?Champion%20Token%20ID_max=8316&Champion%20Token%20ID_min=8316
8401,I WILL FARM U,Sprinter,0.91,0.92,178.97,334.06,48.74,72.08,585.73,319.21,258.00,46.00,"1,281.02",https://5rH8sf3XHWbNEbyj.public.blob.vercel-storage.com/profile/moki_54248d1af2446036cd4fbe6913037611bd32470dbeae49120c3d52fa50399189_300x300.png,8,Spirit,,https://marketplace.roninchain.com/collections/0x9e8ed4ff354bd11602255b3d8e1ed13a1bb26b4b?Champion%20Token%20ID_max=8401&Champion%20Token%20ID_min=8401
8411,Bun Bun,Grinder,1.72,1.16,6.55,320.36,56.39,322.85,51.61,57.75,221.00,417.00,"1,070.21",https://5rH8sf3XHWbNEbyj.public.blob.vercel-storage.com/profile/moki_68df83bdc8cd2d8079926b16480845c95a81b5d600da98cce6f726b9f52abfa6_300x300.png,5,Common,,https://marketplace.roninchain.com/collections/0x9e8ed4ff354bd11602255b3d8e1ed13a1bb26b4b?Champion%20Token%20ID_max=8411&Champion%20Token%20ID_min=8411
8415,Golden Delicious,Defender,0.78,1.72,132.40,326.70,50.57,236.05,298.24,508.95,45.00,42.14,"1,130.37",https://5rH8sf3XHWbNEbyj.public.blob.vercel-storage.com/profile/moki_4dad9b14cc447d66ad16659413541be3269754cc552a3d61f7135b13c2d71495_300x300.png,7,Gold,,https://marketplace.roninchain.com/collections/0x9e8ed4ff354bd11602255b3d8e1ed13a1bb26b4b?Champion%20Token%20ID_max=8415&Champion%20Token%20ID_min=8415
8509,Rynnie,Defender,1.03,1.19,91.35,295.55,50.57,240.00,323.23,540.06,35.00,28.00,"1,166.29",https://5rH8sf3XHWbNEbyj.public.blob.vercel-storage.com/profile/moki_0a97c1ed94a81da87745d85bf24d4eb53bee94464502198f097ba889b3877af2_300x300.png,1,Gold,Apron,https://marketplace.roninchain.com/collections/0x9e8ed4ff354bd11602255b3d8e1ed13a1bb26b4b?Champion%20Token%20ID_max=8509&Champion%20Token%20ID_min=8509
8530,Toast,Defender,1.20,0.05,159.87,295.72,47.15,221.00,245.73,500.05,29.00,12.00,"1,007.78",https://5rH8sf3XHWbNEbyj.public.blob.vercel-storage.com/profile/moki_f9f8fe4678fe96be9caabfa25be0ffb8da1ef66886f73c61ba71863c7e933c1f_300x300.png,1,Common,Onesie,https://marketplace.roninchain.com/collections/0x9e8ed4ff354bd11602255b3d8e1ed13a1bb26b4b?Champion%20Token%20ID_max=8530&Champion%20Token%20ID_min=8530
8575,Migatte Seishin,Defender,1.49,0.38,90.83,299.99,51.71,244.00,289.44,581.83,52.00,50.00,"1,217.27",https://5rH8sf3XHWbNEbyj.public.blob.vercel-storage.com/profile/moki_d1ca705b639efcfd20bdb090b56fbe1e40bba3c4641897e8cb2d3636251bf3c2_300x300.png,2,Spirit,Kimono,https://marketplace.roninchain.com/collections/0x9e8ed4ff354bd11602255b3d8e1ed13a1bb26b4b?Champion%20Token%20ID_max=8575&Champion%20Token%20ID_min=8575
8579,Tamanuki,Striker,0.01,5.01,0.40,316.38,50.68,71.00,275.00,47.00,472.00,260.00,"1,125.00",https://5rH8sf3XHWbNEbyj.public.blob.vercel-storage.com/profile/moki_Tamanuki_300x300.png,3,1 of 1,,https://marketplace.roninchain.com/collections/0x9e8ed4ff354bd11602255b3d8e1ed13a1bb26b4b?Champion%20Token%20ID_max=8579&Champion%20Token%20ID_min=8579
8587,The Peelomancer,Striker,0.33,3.40,69.78,316.22,47.83,43.00,366.13,57.00,539.00,299.00,"1,304.13",https://5rH8sf3XHWbNEbyj.public.blob.vercel-storage.com/profile/moki_b445cec77cef10d26ee5347d66cb253be250f859f341055a31fba3840e11dd3c_300x300.png,3,Shadow,Crying Eye,https://marketplace.roninchain.com/collections/0x9e8ed4ff354bd11602255b3d8e1ed13a1bb26b4b?Champion%20Token%20ID_max=8587&Champion%20Token%20ID_min=8587
8642,MAKE,Striker,0.02,4.94,0.38,316.52,51.60,14.00,298.13,29.00,448.96,228.11,"1,018.20",https://5rH8sf3XHWbNEbyj.public.blob.vercel-storage.com/profile/moki_67029db009cb1919b3310c75c07f898e42c7899454b63750b4c35e2bebcb9d0e_300x300.png,3,Common,Kimono,https://marketplace.roninchain.com/collections/0x9e8ed4ff354bd11602255b3d8e1ed13a1bb26b4b?Champion%20Token%20ID_max=8642&Champion%20Token%20ID_min=8642
8717,Caipirinha Time,Defender,0.08,4.76,10.75,319.77,50.80,244.00,294.35,480.74,37.00,19.00,"1,075.09",https://5rH8sf3XHWbNEbyj.public.blob.vercel-storage.com/profile/moki_d88e0138e8d76192095181cc2809d3d2808044a2022e269ffa1b912a55c26fad_300x300.png,4,Rainbow,,https://marketplace.roninchain.com/collections/0x9e8ed4ff354bd11602255b3d8e1ed13a1bb26b4b?Champion%20Token%20ID_max=8717&Champion%20Token%20ID_min=8717
8759,WillOfD,Striker,0.03,4.89,5.59,320.82,53.88,21.00,218.00,12.98,518.39,218.48,988.85,https://5rH8sf3XHWbNEbyj.public.blob.vercel-storage.com/profile/moki_ca21ba8c866bc341ade3d5b1b5ace9063e939aeeb627befd1b44e8b599c7e6fa_300x300.png,5,Common,Blue Overalls,https://marketplace.roninchain.com/collections/0x9e8ed4ff354bd11602255b3d8e1ed13a1bb26b4b?Champion%20Token%20ID_max=8759&Champion%20Token%20ID_min=8759
8833,MINOZ,Defender,0.13,4.45,28.17,321.25,50.68,257.00,317.08,564.08,46.00,66.00,"1,250.16",https://5rH8sf3XHWbNEbyj.public.blob.vercel-storage.com/profile/moki_a8ff6ec0ffb6fb885c8d58b96f0a2d8403de9673013af0c81a579511e0be4999_300x300.png,6,Spirit,Kimono,https://marketplace.roninchain.com/collections/0x9e8ed4ff354bd11602255b3d8e1ed13a1bb26b4b?Champion%20Token%20ID_max=8833&Champion%20Token%20ID_min=8833
8887,Shado,Defender,1.25,0.82,110.30,321.16,51.14,300.04,300.19,578.84,39.00,41.00,"1,259.07",https://5rH8sf3XHWbNEbyj.public.blob.vercel-storage.com/profile/moki_94491afd09f0c35157e95dee5606dc367806abaff210a8e3006b58557309a8ef_300x300.png,5,Shadow,Ronin,https://marketplace.roninchain.com/collections/0x9e8ed4ff354bd11602255b3d8e1ed13a1bb26b4b?Champion%20Token%20ID_max=8887&Champion%20Token%20ID_min=8887